filename,unlabelled(0),static(1),ground(2),road(3),sidewalk(4),parking(5),rail track(6),building(7),wall(8),fence(9),guard rail(10),bridge(11),tunnel(12),pole(13),polegroup(14),traffic light(15),traffic sign(16),vegetation(17),terrain(18),sky(19),person(20),rider(21),car(22),truck(23),bus(24),caravan(25),trailer(26),train(27),motorcycle(28),bicycle(29),license plate(30)
hongdae_image_0_heading_0.jpg,11.932373046875,14.276123046875,21.282958984375,1.7822265625,4.1748046875,18.365478515625,4.119873046875,24.066162109375,0.0,0.0,0.0,0.0,0.0,0.0,0.0,0.0,0.0,0.0,0.0,0.0,0.0,0.0,0.0,0.0,0.0,0.0,0.0,0.0,0.0,0.0,0.0
hongdae_image_0_heading_0.jpg,11.932373046875,14.276123046875,21.282958984375,1.7822265625,4.1748046875,18.365478515625,4.119873046875,24.066162109375,0.0,0.0,0.0,0.0,0.0,0.0,0.0,0.0,0.0,0.0,0.0,0.0,0.0,0.0,0.0,0.0,0.0,0.0,0.0,0.0,0.0,0.0,0.0
hongdae_image_0_heading_180.jpg,9.521484375,22.03369140625,15.216064453125,0.067138671875,2.2216796875,14.251708984375,5.18798828125,31.500244140625,0.0,0.0,0.0,0.0,0.0,0.0,0.0,0.0,0.0,0.0,0.0,0.0,0.0,0.0,0.0,0.0,0.0,0.0,0.0,0.0,0.0,0.0,0.0
hongdae_image_0_heading_270.jpg,16.229248046875,1.3916015625,19.989013671875,4.8095703125,0.531005859375,6.54296875,2.0751953125,48.431396484375,0.0,0.0,0.0,0.0,0.0,0.0,0.0,0.0,0.0,0.0,0.0,0.0,0.0,0.0,0.0,0.0,0.0,0.0,0.0,0.0,0.0,0.0,0.0
hongdae_image_0_heading_90.jpg,15.106201171875,6.31103515625,34.930419921875,0.2197265625,0.8544921875,0.0,9.1796875,33.3984375,0.0,0.0,0.0,0.0,0.0,0.0,0.0,0.0,0.0,0.0,0.0,0.0,0.0,0.0,0.0,0.0,0.0,0.0,0.0,0.0,0.0,0.0,0.0
hongdae_image_10_heading_0.jpg,10.15625,16.217041015625,51.50146484375,0.1708984375,0.08544921875,3.0029296875,10.284423828125,8.58154296875,0.0,0.0,0.0,0.0,0.0,0.0,0.0,0.0,0.0,0.0,0.0,0.0,0.0,0.0,0.0,0.0,0.0,0.0,0.0,0.0,0.0,0.0,0.0
hongdae_image_10_heading_180.jpg,11.3525390625,19.964599609375,35.72998046875,0.848388671875,4.13818359375,0.0,12.3779296875,15.58837890625,0.0,0.0,0.0,0.0,0.0,0.0,0.0,0.0,0.0,0.0,0.0,0.0,0.0,0.0,0.0,0.0,0.0,0.0,0.0,0.0,0.0,0.0,0.0
hongdae_image_10_heading_270.jpg,12.80517578125,3.692626953125,43.59130859375,0.213623046875,0.0244140625,2.349853515625,26.23291015625,11.090087890625,0.0,0.0,0.0,0.0,0.0,0.0,0.0,0.0,0.0,0.0,0.0,0.0,0.0,0.0,0.0,0.0,0.0,0.0,0.0,0.0,0.0,0.0,0.0
hongdae_image_10_heading_90.jpg,10.75439453125,18.37158203125,28.18603515625,1.64794921875,2.703857421875,3.265380859375,25.140380859375,9.930419921875,0.0,0.0,0.0,0.0,0.0,0.0,0.0,0.0,0.0,0.0,0.0,0.0,0.0,0.0,0.0,0.0,0.0,0.0,0.0,0.0,0.0,0.0,0.0
hongdae_image_11_heading_0.jpg,9.979248046875,13.5009765625,40.85693359375,1.300048828125,2.42919921875,1.275634765625,10.870361328125,19.78759765625,0.0,0.0,0.0,0.0,0.0,0.0,0.0,0.0,0.0,0.0,0.0,0.0,0.0,0.0,0.0,0.0,0.0,0.0,0.0,0.0,0.0,0.0,0.0
hongdae_image_11_heading_180.jpg,11.92626953125,15.509033203125,31.976318359375,1.15966796875,0.1708984375,0.927734375,23.1201171875,15.2099609375,0.0,0.0,0.0,0.0,0.0,0.0,0.0,0.0,0.0,0.0,0.0,0.0,0.0,0.0,0.0,0.0,0.0,0.0,0.0,0.0,0.0,0.0,0.0
hongdae_image_11_heading_270.jpg,15.02685546875,7.366943359375,37.4755859375,1.2451171875,2.99072265625,2.18505859375,19.482421875,14.227294921875,0.0,0.0,0.0,0.0,0.0,0.0,0.0,0.0,0.0,0.0,0.0,0.0,0.0,0.0,0.0,0.0,0.0,0.0,0.0,0.0,0.0,0.0,0.0
hongdae_image_11_heading_90.jpg,13.623046875,16.900634765625,19.818115234375,0.189208984375,0.531005859375,4.901123046875,23.895263671875,20.1416015625,0.0,0.0,0.0,0.0,0.0,0.0,0.0,0.0,0.0,0.0,0.0,0.0,0.0,0.0,0.0,0.0,0.0,0.0,0.0,0.0,0.0,0.0,0.0
hongdae_image_12_heading_0.jpg,13.153076171875,16.22314453125,27.86865234375,0.286865234375,0.0,1.318359375,14.788818359375,26.361083984375,0.0,0.0,0.0,0.0,0.0,0.0,0.0,0.0,0.0,0.0,0.0,0.0,0.0,0.0,0.0,0.0,0.0,0.0,0.0,0.0,0.0,0.0,0.0
hongdae_image_12_heading_180.jpg,12.24365234375,16.39404296875,31.21337890625,0.93994140625,0.20751953125,0.0,31.353759765625,7.647705078125,0.0,0.0,0.0,0.0,0.0,0.0,0.0,0.0,0.0,0.0,0.0,0.0,0.0,0.0,0.0,0.0,0.0,0.0,0.0,0.0,0.0,0.0,0.0
hongdae_image_12_heading_270.jpg,13.177490234375,18.218994140625,30.474853515625,0.35400390625,0.0,2.203369140625,20.47119140625,15.10009765625,0.0,0.0,0.0,0.0,0.0,0.0,0.0,0.0,0.0,0.0,0.0,0.0,0.0,0.0,0.0,0.0,0.0,0.0,0.0,0.0,0.0,0.0,0.0
hongdae_image_12_heading_90.jpg,9.5703125,19.20166015625,22.509765625,1.202392578125,0.0,2.667236328125,21.087646484375,23.760986328125,0.0,0.0,0.0,0.0,0.0,0.0,0.0,0.0,0.0,0.0,0.0,0.0,0.0,0.0,0.0,0.0,0.0,0.0,0.0,0.0,0.0,0.0,0.0
hongdae_image_13_heading_0.jpg,9.31396484375,22.308349609375,49.27978515625,0.6103515625,0.20751953125,0.18310546875,12.9150390625,5.181884765625,0.0,0.0,0.0,0.0,0.0,0.0,0.0,0.0,0.0,0.0,0.0,0.0,0.0,0.0,0.0,0.0,0.0,0.0,0.0,0.0,0.0,0.0,0.0
hongdae_image_13_heading_180.jpg,12.26806640625,13.763427734375,41.49169921875,0.909423828125,0.0,2.5146484375,16.259765625,12.79296875,0.0,0.0,0.0,0.0,0.0,0.0,0.0,0.0,0.0,0.0,0.0,0.0,0.0,0.0,0.0,0.0,0.0,0.0,0.0,0.0,0.0,0.0,0.0
hongdae_image_13_heading_270.jpg,11.737060546875,14.95361328125,41.180419921875,1.15966796875,0.0,2.2705078125,9.869384765625,18.829345703125,0.0,0.0,0.0,0.0,0.0,0.0,0.0,0.0,0.0,0.0,0.0,0.0,0.0,0.0,0.0,0.0,0.0,0.0,0.0,0.0,0.0,0.0,0.0
hongdae_image_13_heading_90.jpg,13.51318359375,20.9716796875,25.830078125,0.6591796875,0.311279296875,0.0,20.208740234375,18.505859375,0.0,0.0,0.0,0.0,0.0,0.0,0.0,0.0,0.0,0.0,0.0,0.0,0.0,0.0,0.0,0.0,0.0,0.0,0.0,0.0,0.0,0.0,0.0
hongdae_image_14_heading_0.jpg,8.331298828125,19.757080078125,33.9111328125,3.35693359375,3.08837890625,2.1728515625,11.956787109375,17.425537109375,0.0,0.0,0.0,0.0,0.0,0.0,0.0,0.0,0.0,0.0,0.0,0.0,0.0,0.0,0.0,0.0,0.0,0.0,0.0,0.0,0.0,0.0,0.0
hongdae_image_14_heading_180.jpg,14.1845703125,15.27099609375,37.7685546875,1.361083984375,0.079345703125,2.91748046875,15.191650390625,13.226318359375,0.0,0.0,0.0,0.0,0.0,0.0,0.0,0.0,0.0,0.0,0.0,0.0,0.0,0.0,0.0,0.0,0.0,0.0,0.0,0.0,0.0,0.0,0.0
hongdae_image_14_heading_270.jpg,7.177734375,25.45166015625,30.120849609375,1.727294921875,1.275634765625,3.509521484375,9.21630859375,21.52099609375,0.0,0.0,0.0,0.0,0.0,0.0,0.0,0.0,0.0,0.0,0.0,0.0,0.0,0.0,0.0,0.0,0.0,0.0,0.0,0.0,0.0,0.0,0.0
hongdae_image_14_heading_90.jpg,11.9140625,20.721435546875,35.321044921875,0.457763671875,0.1953125,3.717041015625,16.49169921875,11.181640625,0.0,0.0,0.0,0.0,0.0,0.0,0.0,0.0,0.0,0.0,0.0,0.0,0.0,0.0,0.0,0.0,0.0,0.0,0.0,0.0,0.0,0.0,0.0
hongdae_image_15_heading_0.jpg,11.358642578125,17.95654296875,31.0791015625,1.318359375,3.472900390625,0.0,13.5498046875,21.2646484375,0.0,0.0,0.0,0.0,0.0,0.0,0.0,0.0,0.0,0.0,0.0,0.0,0.0,0.0,0.0,0.0,0.0,0.0,0.0,0.0,0.0,0.0,0.0
hongdae_image_15_heading_180.jpg,10.02197265625,11.68212890625,28.857421875,0.67138671875,0.201416015625,4.168701171875,13.519287109375,30.877685546875,0.0,0.0,0.0,0.0,0.0,0.0,0.0,0.0,0.0,0.0,0.0,0.0,0.0,0.0,0.0,0.0,0.0,0.0,0.0,0.0,0.0,0.0,0.0
hongdae_image_15_heading_270.jpg,11.29150390625,16.44287109375,34.674072265625,1.959228515625,1.849365234375,3.6865234375,15.570068359375,14.5263671875,0.0,0.0,0.0,0.0,0.0,0.0,0.0,0.0,0.0,0.0,0.0,0.0,0.0,0.0,0.0,0.0,0.0,0.0,0.0,0.0,0.0,0.0,0.0
hongdae_image_15_heading_90.jpg,8.056640625,26.5869140625,28.887939453125,2.032470703125,0.0,3.765869140625,20.91064453125,9.759521484375,0.0,0.0,0.0,0.0,0.0,0.0,0.0,0.0,0.0,0.0,0.0,0.0,0.0,0.0,0.0,0.0,0.0,0.0,0.0,0.0,0.0,0.0,0.0
hongdae_image_16_heading_0.jpg,20.849609375,8.380126953125,30.72509765625,2.886962890625,2.5390625,0.494384765625,8.868408203125,25.25634765625,0.0,0.0,0.0,0.0,0.0,0.0,0.0,0.0,0.0,0.0,0.0,0.0,0.0,0.0,0.0,0.0,0.0,0.0,0.0,0.0,0.0,0.0,0.0
hongdae_image_16_heading_180.jpg,11.712646484375,20.062255859375,33.87451171875,3.21044921875,0.042724609375,2.117919921875,16.49169921875,12.48779296875,0.0,0.0,0.0,0.0,0.0,0.0,0.0,0.0,0.0,0.0,0.0,0.0,0.0,0.0,0.0,0.0,0.0,0.0,0.0,0.0,0.0,0.0,0.0
hongdae_image_16_heading_270.jpg,14.34326171875,18.02978515625,28.3447265625,2.410888671875,1.0498046875,2.44140625,17.39501953125,15.985107421875,0.0,0.0,0.0,0.0,0.0,0.0,0.0,0.0,0.0,0.0,0.0,0.0,0.0,0.0,0.0,0.0,0.0,0.0,0.0,0.0,0.0,0.0,0.0
hongdae_image_16_heading_90.jpg,12.115478515625,20.501708984375,18.731689453125,1.46484375,0.189208984375,3.50341796875,31.97021484375,11.5234375,0.0,0.0,0.0,0.0,0.0,0.0,0.0,0.0,0.0,0.0,0.0,0.0,0.0,0.0,0.0,0.0,0.0,0.0,0.0,0.0,0.0,0.0,0.0
hongdae_image_17_heading_0.jpg,19.952392578125,4.5654296875,43.994140625,1.556396484375,1.812744140625,0.47607421875,5.55419921875,22.088623046875,0.0,0.0,0.0,0.0,0.0,0.0,0.0,0.0,0.0,0.0,0.0,0.0,0.0,0.0,0.0,0.0,0.0,0.0,0.0,0.0,0.0,0.0,0.0
hongdae_image_17_heading_180.jpg,8.43505859375,16.119384765625,22.015380859375,0.32958984375,0.0,5.865478515625,24.542236328125,22.69287109375,0.0,0.0,0.0,0.0,0.0,0.0,0.0,0.0,0.0,0.0,0.0,0.0,0.0,0.0,0.0,0.0,0.0,0.0,0.0,0.0,0.0,0.0,0.0
hongdae_image_17_heading_270.jpg,17.401123046875,13.61083984375,31.964111328125,5.99365234375,3.875732421875,3.08837890625,13.433837890625,10.63232421875,0.0,0.0,0.0,0.0,0.0,0.0,0.0,0.0,0.0,0.0,0.0,0.0,0.0,0.0,0.0,0.0,0.0,0.0,0.0,0.0,0.0,0.0,0.0
hongdae_image_17_heading_90.jpg,8.477783203125,19.95849609375,26.263427734375,0.6591796875,0.91552734375,7.177734375,11.492919921875,25.054931640625,0.0,0.0,0.0,0.0,0.0,0.0,0.0,0.0,0.0,0.0,0.0,0.0,0.0,0.0,0.0,0.0,0.0,0.0,0.0,0.0,0.0,0.0,0.0
hongdae_image_18_heading_0.jpg,9.112548828125,10.16845703125,19.90966796875,0.1953125,0.01220703125,10.498046875,10.33935546875,39.764404296875,0.0,0.0,0.0,0.0,0.0,0.0,0.0,0.0,0.0,0.0,0.0,0.0,0.0,0.0,0.0,0.0,0.0,0.0,0.0,0.0,0.0,0.0,0.0
hongdae_image_18_heading_180.jpg,6.0302734375,8.111572265625,2.069091796875,0.286865234375,21.502685546875,0.84228515625,21.76513671875,39.39208984375,0.0,0.0,0.0,0.0,0.0,0.0,0.0,0.0,0.0,0.0,0.0,0.0,0.0,0.0,0.0,0.0,0.0,0.0,0.0,0.0,0.0,0.0,0.0
hongdae_image_18_heading_270.jpg,9.9365234375,2.093505859375,21.820068359375,0.29296875,1.318359375,12.591552734375,23.065185546875,28.8818359375,0.0,0.0,0.0,0.0,0.0,0.0,0.0,0.0,0.0,0.0,0.0,0.0,0.0,0.0,0.0,0.0,0.0,0.0,0.0,0.0,0.0,0.0,0.0
hongdae_image_18_heading_90.jpg,9.28955078125,2.47802734375,11.785888671875,0.006103515625,0.152587890625,25.2685546875,18.524169921875,32.4951171875,0.0,0.0,0.0,0.0,0.0,0.0,0.0,0.0,0.0,0.0,0.0,0.0,0.0,0.0,0.0,0.0,0.0,0.0,0.0,0.0,0.0,0.0,0.0
hongdae_image_19_heading_0.jpg,13.189697265625,15.869140625,38.507080078125,3.216552734375,0.946044921875,0.18310546875,9.576416015625,18.511962890625,0.0,0.0,0.0,0.0,0.0,0.0,0.0,0.0,0.0,0.0,0.0,0.0,0.0,0.0,0.0,0.0,0.0,0.0,0.0,0.0,0.0,0.0,0.0
hongdae_image_19_heading_180.jpg,13.909912109375,7.220458984375,28.472900390625,1.64794921875,0.384521484375,1.08642578125,16.326904296875,30.950927734375,0.0,0.0,0.0,0.0,0.0,0.0,0.0,0.0,0.0,0.0,0.0,0.0,0.0,0.0,0.0,0.0,0.0,0.0,0.0,0.0,0.0,0.0,0.0
hongdae_image_19_heading_270.jpg,19.805908203125,2.3681640625,25.732421875,1.23291015625,0.37841796875,2.374267578125,14.95361328125,33.154296875,0.0,0.0,0.0,0.0,0.0,0.0,0.0,0.0,0.0,0.0,0.0,0.0,0.0,0.0,0.0,0.0,0.0,0.0,0.0,0.0,0.0,0.0,0.0
hongdae_image_19_heading_90.jpg,13.409423828125,13.29345703125,32.38525390625,0.69580078125,0.897216796875,3.79638671875,8.050537109375,27.471923828125,0.0,0.0,0.0,0.0,0.0,0.0,0.0,0.0,0.0,0.0,0.0,0.0,0.0,0.0,0.0,0.0,0.0,0.0,0.0,0.0,0.0,0.0,0.0
hongdae_image_1_heading_0.jpg,12.664794921875,23.016357421875,17.254638671875,1.055908203125,20.233154296875,6.0791015625,14.68505859375,5.010986328125,0.0,0.0,0.0,0.0,0.0,0.0,0.0,0.0,0.0,0.0,0.0,0.0,0.0,0.0,0.0,0.0,0.0,0.0,0.0,0.0,0.0,0.0,0.0
hongdae_image_1_heading_180.jpg,9.26513671875,24.444580078125,20.196533203125,1.171875,0.872802734375,15.557861328125,19.7509765625,8.740234375,0.0,0.0,0.0,0.0,0.0,0.0,0.0,0.0,0.0,0.0,0.0,0.0,0.0,0.0,0.0,0.0,0.0,0.0,0.0,0.0,0.0,0.0,0.0
hongdae_image_1_heading_270.jpg,8.36181640625,16.73583984375,29.901123046875,0.25634765625,5.89599609375,12.921142578125,10.394287109375,15.533447265625,0.0,0.0,0.0,0.0,0.0,0.0,0.0,0.0,0.0,0.0,0.0,0.0,0.0,0.0,0.0,0.0,0.0,0.0,0.0,0.0,0.0,0.0,0.0
hongdae_image_1_heading_90.jpg,11.16943359375,28.802490234375,33.282470703125,2.703857421875,5.657958984375,9.0087890625,6.427001953125,2.947998046875,0.0,0.0,0.0,0.0,0.0,0.0,0.0,0.0,0.0,0.0,0.0,0.0,0.0,0.0,0.0,0.0,0.0,0.0,0.0,0.0,0.0,0.0,0.0
hongdae_image_20_heading_0.jpg,8.966064453125,36.737060546875,38.836669921875,0.0,0.08544921875,0.042724609375,11.29150390625,4.04052734375,0.0,0.0,0.0,0.0,0.0,0.0,0.0,0.0,0.0,0.0,0.0,0.0,0.0,0.0,0.0,0.0,0.0,0.0,0.0,0.0,0.0,0.0,0.0
hongdae_image_20_heading_180.jpg,9.02099609375,23.931884765625,7.62939453125,0.030517578125,0.01220703125,9.747314453125,3.558349609375,46.0693359375,0.0,0.0,0.0,0.0,0.0,0.0,0.0,0.0,0.0,0.0,0.0,0.0,0.0,0.0,0.0,0.0,0.0,0.0,0.0,0.0,0.0,0.0,0.0
hongdae_image_20_heading_270.jpg,10.345458984375,23.394775390625,27.423095703125,0.067138671875,0.189208984375,5.40771484375,11.865234375,21.307373046875,0.0,0.0,0.0,0.0,0.0,0.0,0.0,0.0,0.0,0.0,0.0,0.0,0.0,0.0,0.0,0.0,0.0,0.0,0.0,0.0,0.0,0.0,0.0
hongdae_image_20_heading_90.jpg,8.60595703125,24.08447265625,23.52294921875,0.35400390625,1.947021484375,7.43408203125,7.2265625,26.824951171875,0.0,0.0,0.0,0.0,0.0,0.0,0.0,0.0,0.0,0.0,0.0,0.0,0.0,0.0,0.0,0.0,0.0,0.0,0.0,0.0,0.0,0.0,0.0
hongdae_image_21_heading_0.jpg,8.45947265625,6.3720703125,43.096923828125,1.507568359375,2.0263671875,3.509521484375,19.37255859375,15.655517578125,0.0,0.0,0.0,0.0,0.0,0.0,0.0,0.0,0.0,0.0,0.0,0.0,0.0,0.0,0.0,0.0,0.0,0.0,0.0,0.0,0.0,0.0,0.0
hongdae_image_21_heading_180.jpg,10.235595703125,7.330322265625,38.09814453125,0.128173828125,0.25634765625,3.74755859375,36.95068359375,3.253173828125,0.0,0.0,0.0,0.0,0.0,0.0,0.0,0.0,0.0,0.0,0.0,0.0,0.0,0.0,0.0,0.0,0.0,0.0,0.0,0.0,0.0,0.0,0.0
hongdae_image_21_heading_270.jpg,16.546630859375,16.815185546875,32.171630859375,0.177001953125,0.0,1.6845703125,24.71923828125,7.8857421875,0.0,0.0,0.0,0.0,0.0,0.0,0.0,0.0,0.0,0.0,0.0,0.0,0.0,0.0,0.0,0.0,0.0,0.0,0.0,0.0,0.0,0.0,0.0
hongdae_image_21_heading_90.jpg,8.819580078125,10.498046875,39.892578125,0.506591796875,0.64697265625,0.494384765625,13.39111328125,25.750732421875,0.0,0.0,0.0,0.0,0.0,0.0,0.0,0.0,0.0,0.0,0.0,0.0,0.0,0.0,0.0,0.0,0.0,0.0,0.0,0.0,0.0,0.0,0.0
hongdae_image_22_heading_0.jpg,9.503173828125,17.913818359375,34.99755859375,0.1220703125,0.9033203125,8.966064453125,11.944580078125,15.6494140625,0.0,0.0,0.0,0.0,0.0,0.0,0.0,0.0,0.0,0.0,0.0,0.0,0.0,0.0,0.0,0.0,0.0,0.0,0.0,0.0,0.0,0.0,0.0
hongdae_image_22_heading_180.jpg,11.1572265625,15.6494140625,34.405517578125,0.677490234375,0.201416015625,3.2470703125,26.678466796875,7.9833984375,0.0,0.0,0.0,0.0,0.0,0.0,0.0,0.0,0.0,0.0,0.0,0.0,0.0,0.0,0.0,0.0,0.0,0.0,0.0,0.0,0.0,0.0,0.0
hongdae_image_22_heading_270.jpg,13.0615234375,20.60546875,35.72998046875,0.750732421875,1.123046875,5.7373046875,10.58349609375,12.408447265625,0.0,0.0,0.0,0.0,0.0,0.0,0.0,0.0,0.0,0.0,0.0,0.0,0.0,0.0,0.0,0.0,0.0,0.0,0.0,0.0,0.0,0.0,0.0
hongdae_image_22_heading_90.jpg,17.828369140625,5.108642578125,39.73388671875,0.885009765625,0.384521484375,1.86767578125,19.903564453125,14.288330078125,0.0,0.0,0.0,0.0,0.0,0.0,0.0,0.0,0.0,0.0,0.0,0.0,0.0,0.0,0.0,0.0,0.0,0.0,0.0,0.0,0.0,0.0,0.0
hongdae_image_23_heading_0.jpg,13.34228515625,15.802001953125,22.119140625,4.986572265625,5.621337890625,3.35693359375,16.827392578125,17.9443359375,0.0,0.0,0.0,0.0,0.0,0.0,0.0,0.0,0.0,0.0,0.0,0.0,0.0,0.0,0.0,0.0,0.0,0.0,0.0,0.0,0.0,0.0,0.0
hongdae_image_23_heading_180.jpg,13.9404296875,13.96484375,19.049072265625,1.019287109375,0.762939453125,4.60205078125,18.359375,28.302001953125,0.0,0.0,0.0,0.0,0.0,0.0,0.0,0.0,0.0,0.0,0.0,0.0,0.0,0.0,0.0,0.0,0.0,0.0,0.0,0.0,0.0,0.0,0.0
hongdae_image_23_heading_270.jpg,8.87451171875,15.72265625,18.24951171875,2.752685546875,16.961669921875,3.692626953125,21.746826171875,11.99951171875,0.0,0.0,0.0,0.0,0.0,0.0,0.0,0.0,0.0,0.0,0.0,0.0,0.0,0.0,0.0,0.0,0.0,0.0,0.0,0.0,0.0,0.0,0.0
hongdae_image_23_heading_90.jpg,17.584228515625,16.1865234375,24.35302734375,0.42724609375,0.140380859375,5.462646484375,20.330810546875,15.51513671875,0.0,0.0,0.0,0.0,0.0,0.0,0.0,0.0,0.0,0.0,0.0,0.0,0.0,0.0,0.0,0.0,0.0,0.0,0.0,0.0,0.0,0.0,0.0
hongdae_image_24_heading_0.jpg,11.24267578125,26.348876953125,38.19580078125,1.0009765625,5.70068359375,7.257080078125,0.860595703125,9.393310546875,0.0,0.0,0.0,0.0,0.0,0.0,0.0,0.0,0.0,0.0,0.0,0.0,0.0,0.0,0.0,0.0,0.0,0.0,0.0,0.0,0.0,0.0,0.0
hongdae_image_24_heading_180.jpg,12.579345703125,20.6787109375,32.366943359375,0.20751953125,0.7080078125,5.57861328125,7.916259765625,19.964599609375,0.0,0.0,0.0,0.0,0.0,0.0,0.0,0.0,0.0,0.0,0.0,0.0,0.0,0.0,0.0,0.0,0.0,0.0,0.0,0.0,0.0,0.0,0.0
hongdae_image_24_heading_270.jpg,14.971923828125,15.56396484375,37.921142578125,0.6103515625,1.28173828125,6.732177734375,0.7080078125,22.210693359375,0.0,0.0,0.0,0.0,0.0,0.0,0.0,0.0,0.0,0.0,0.0,0.0,0.0,0.0,0.0,0.0,0.0,0.0,0.0,0.0,0.0,0.0,0.0
hongdae_image_24_heading_90.jpg,7.452392578125,19.451904296875,40.27099609375,0.775146484375,7.354736328125,1.40380859375,0.79345703125,22.49755859375,0.0,0.0,0.0,0.0,0.0,0.0,0.0,0.0,0.0,0.0,0.0,0.0,0.0,0.0,0.0,0.0,0.0,0.0,0.0,0.0,0.0,0.0,0.0
hongdae_image_25_heading_0.jpg,10.430908203125,27.642822265625,38.61083984375,2.05078125,12.41455078125,3.5888671875,1.336669921875,3.924560546875,0.0,0.0,0.0,0.0,0.0,0.0,0.0,0.0,0.0,0.0,0.0,0.0,0.0,0.0,0.0,0.0,0.0,0.0,0.0,0.0,0.0,0.0,0.0
hongdae_image_25_heading_180.jpg,8.294677734375,23.944091796875,38.067626953125,2.23388671875,9.698486328125,3.985595703125,6.402587890625,7.373046875,0.0,0.0,0.0,0.0,0.0,0.0,0.0,0.0,0.0,0.0,0.0,0.0,0.0,0.0,0.0,0.0,0.0,0.0,0.0,0.0,0.0,0.0,0.0
hongdae_image_25_heading_270.jpg,12.31689453125,18.81103515625,30.328369140625,1.84326171875,11.199951171875,7.0556640625,2.545166015625,15.899658203125,0.0,0.0,0.0,0.0,0.0,0.0,0.0,0.0,0.0,0.0,0.0,0.0,0.0,0.0,0.0,0.0,0.0,0.0,0.0,0.0,0.0,0.0,0.0
hongdae_image_25_heading_90.jpg,8.795166015625,29.791259765625,32.537841796875,1.7822265625,20.0439453125,2.008056640625,3.01513671875,2.0263671875,0.0,0.0,0.0,0.0,0.0,0.0,0.0,0.0,0.0,0.0,0.0,0.0,0.0,0.0,0.0,0.0,0.0,0.0,0.0,0.0,0.0,0.0,0.0
hongdae_image_26_heading_0.jpg,11.73095703125,25.40283203125,37.615966796875,0.506591796875,8.392333984375,6.494140625,3.021240234375,6.8359375,0.0,0.0,0.0,0.0,0.0,0.0,0.0,0.0,0.0,0.0,0.0,0.0,0.0,0.0,0.0,0.0,0.0,0.0,0.0,0.0,0.0,0.0,0.0
hongdae_image_26_heading_180.jpg,12.530517578125,27.45361328125,26.37939453125,1.9775390625,16.27197265625,1.171875,8.160400390625,6.0546875,0.0,0.0,0.0,0.0,0.0,0.0,0.0,0.0,0.0,0.0,0.0,0.0,0.0,0.0,0.0,0.0,0.0,0.0,0.0,0.0,0.0,0.0,0.0
hongdae_image_26_heading_270.jpg,11.480712890625,19.647216796875,30.047607421875,1.519775390625,14.09912109375,5.6640625,1.66015625,15.88134765625,0.0,0.0,0.0,0.0,0.0,0.0,0.0,0.0,0.0,0.0,0.0,0.0,0.0,0.0,0.0,0.0,0.0,0.0,0.0,0.0,0.0,0.0,0.0
hongdae_image_26_heading_90.jpg,9.259033203125,32.122802734375,31.365966796875,1.275634765625,20.8740234375,0.18310546875,3.47900390625,1.4404296875,0.0,0.0,0.0,0.0,0.0,0.0,0.0,0.0,0.0,0.0,0.0,0.0,0.0,0.0,0.0,0.0,0.0,0.0,0.0,0.0,0.0,0.0,0.0
hongdae_image_27_heading_0.jpg,10.92529296875,16.497802734375,36.566162109375,1.617431640625,4.72412109375,0.0,14.88037109375,14.788818359375,0.0,0.0,0.0,0.0,0.0,0.0,0.0,0.0,0.0,0.0,0.0,0.0,0.0,0.0,0.0,0.0,0.0,0.0,0.0,0.0,0.0,0.0,0.0
hongdae_image_27_heading_180.jpg,12.945556640625,19.525146484375,40.374755859375,0.03662109375,0.140380859375,0.0,3.424072265625,23.553466796875,0.0,0.0,0.0,0.0,0.0,0.0,0.0,0.0,0.0,0.0,0.0,0.0,0.0,0.0,0.0,0.0,0.0,0.0,0.0,0.0,0.0,0.0,0.0
hongdae_image_27_heading_270.jpg,10.223388671875,6.683349609375,15.0146484375,0.262451171875,6.6162109375,0.01220703125,7.684326171875,53.50341796875,0.0,0.0,0.0,0.0,0.0,0.0,0.0,0.0,0.0,0.0,0.0,0.0,0.0,0.0,0.0,0.0,0.0,0.0,0.0,0.0,0.0,0.0,0.0
hongdae_image_27_heading_90.jpg,15.17333984375,12.115478515625,43.93310546875,0.396728515625,1.666259765625,0.0,9.161376953125,17.5537109375,0.0,0.0,0.0,0.0,0.0,0.0,0.0,0.0,0.0,0.0,0.0,0.0,0.0,0.0,0.0,0.0,0.0,0.0,0.0,0.0,0.0,0.0,0.0
hongdae_image_28_heading_0.jpg,10.11962890625,24.42626953125,37.060546875,0.018310546875,1.69677734375,8.953857421875,0.384521484375,17.340087890625,0.0,0.0,0.0,0.0,0.0,0.0,0.0,0.0,0.0,0.0,0.0,0.0,0.0,0.0,0.0,0.0,0.0,0.0,0.0,0.0,0.0,0.0,0.0
hongdae_image_28_heading_180.jpg,11.053466796875,25.323486328125,16.6748046875,3.570556640625,32.110595703125,3.460693359375,4.19921875,3.607177734375,0.0,0.0,0.0,0.0,0.0,0.0,0.0,0.0,0.0,0.0,0.0,0.0,0.0,0.0,0.0,0.0,0.0,0.0,0.0,0.0,0.0,0.0,0.0
hongdae_image_28_heading_270.jpg,14.9169921875,20.989990234375,29.98046875,0.47607421875,10.125732421875,7.2021484375,5.926513671875,10.382080078125,0.0,0.0,0.0,0.0,0.0,0.0,0.0,0.0,0.0,0.0,0.0,0.0,0.0,0.0,0.0,0.0,0.0,0.0,0.0,0.0,0.0,0.0,0.0
hongdae_image_28_heading_90.jpg,7.928466796875,26.84326171875,43.194580078125,2.197265625,13.385009765625,2.166748046875,1.806640625,2.47802734375,0.0,0.0,0.0,0.0,0.0,0.0,0.0,0.0,0.0,0.0,0.0,0.0,0.0,0.0,0.0,0.0,0.0,0.0,0.0,0.0,0.0,0.0,0.0
hongdae_image_29_heading_0.jpg,13.2568359375,30.89599609375,39.68505859375,0.311279296875,6.23779296875,2.130126953125,4.91943359375,2.5634765625,0.0,0.0,0.0,0.0,0.0,0.0,0.0,0.0,0.0,0.0,0.0,0.0,0.0,0.0,0.0,0.0,0.0,0.0,0.0,0.0,0.0,0.0,0.0
hongdae_image_29_heading_180.jpg,9.765625,30.11474609375,34.027099609375,0.13427734375,0.87890625,3.662109375,0.897216796875,20.52001953125,0.0,0.0,0.0,0.0,0.0,0.0,0.0,0.0,0.0,0.0,0.0,0.0,0.0,0.0,0.0,0.0,0.0,0.0,0.0,0.0,0.0,0.0,0.0
hongdae_image_29_heading_270.jpg,12.80517578125,31.15234375,33.758544921875,2.191162109375,1.971435546875,0.103759765625,14.569091796875,3.448486328125,0.0,0.0,0.0,0.0,0.0,0.0,0.0,0.0,0.0,0.0,0.0,0.0,0.0,0.0,0.0,0.0,0.0,0.0,0.0,0.0,0.0,0.0,0.0
hongdae_image_29_heading_90.jpg,9.7900390625,29.47998046875,34.65576171875,0.341796875,2.508544921875,9.24072265625,0.0732421875,13.909912109375,0.0,0.0,0.0,0.0,0.0,0.0,0.0,0.0,0.0,0.0,0.0,0.0,0.0,0.0,0.0,0.0,0.0,0.0,0.0,0.0,0.0,0.0,0.0
hongdae_image_2_heading_0.jpg,8.3984375,24.432373046875,13.36669921875,5.743408203125,20.39794921875,4.254150390625,15.386962890625,8.02001953125,0.0,0.0,0.0,0.0,0.0,0.0,0.0,0.0,0.0,0.0,0.0,0.0,0.0,0.0,0.0,0.0,0.0,0.0,0.0,0.0,0.0,0.0,0.0
hongdae_image_2_heading_180.jpg,7.080078125,35.21728515625,25.244140625,0.390625,3.47900390625,11.669921875,4.388427734375,12.530517578125,0.0,0.0,0.0,0.0,0.0,0.0,0.0,0.0,0.0,0.0,0.0,0.0,0.0,0.0,0.0,0.0,0.0,0.0,0.0,0.0,0.0,0.0,0.0
hongdae_image_2_heading_270.jpg,7.58056640625,27.294921875,38.61083984375,0.177001953125,6.402587890625,4.296875,3.60107421875,12.0361328125,0.0,0.0,0.0,0.0,0.0,0.0,0.0,0.0,0.0,0.0,0.0,0.0,0.0,0.0,0.0,0.0,0.0,0.0,0.0,0.0,0.0,0.0,0.0
hongdae_image_2_heading_90.jpg,15.545654296875,29.33349609375,31.4697265625,1.104736328125,5.938720703125,3.69873046875,8.612060546875,4.296875,0.0,0.0,0.0,0.0,0.0,0.0,0.0,0.0,0.0,0.0,0.0,0.0,0.0,0.0,0.0,0.0,0.0,0.0,0.0,0.0,0.0,0.0,0.0
hongdae_image_30_heading_0.jpg,9.2529296875,30.60302734375,42.095947265625,1.67236328125,5.70068359375,2.496337890625,5.804443359375,2.374267578125,0.0,0.0,0.0,0.0,0.0,0.0,0.0,0.0,0.0,0.0,0.0,0.0,0.0,0.0,0.0,0.0,0.0,0.0,0.0,0.0,0.0,0.0,0.0
hongdae_image_30_heading_180.jpg,9.92431640625,28.741455078125,32.43408203125,0.482177734375,1.153564453125,5.743408203125,0.87890625,20.64208984375,0.0,0.0,0.0,0.0,0.0,0.0,0.0,0.0,0.0,0.0,0.0,0.0,0.0,0.0,0.0,0.0,0.0,0.0,0.0,0.0,0.0,0.0,0.0
hongdae_image_30_heading_270.jpg,15.557861328125,29.638671875,31.396484375,4.2236328125,10.595703125,0.054931640625,4.91943359375,3.61328125,0.0,0.0,0.0,0.0,0.0,0.0,0.0,0.0,0.0,0.0,0.0,0.0,0.0,0.0,0.0,0.0,0.0,0.0,0.0,0.0,0.0,0.0,0.0
hongdae_image_30_heading_90.jpg,9.869384765625,31.73828125,37.957763671875,0.335693359375,3.369140625,6.0791015625,1.092529296875,9.55810546875,0.0,0.0,0.0,0.0,0.0,0.0,0.0,0.0,0.0,0.0,0.0,0.0,0.0,0.0,0.0,0.0,0.0,0.0,0.0,0.0,0.0,0.0,0.0
hongdae_image_31_heading_0.jpg,21.881103515625,13.78173828125,35.614013671875,0.03662109375,0.531005859375,0.50048828125,14.349365234375,13.3056640625,0.0,0.0,0.0,0.0,0.0,0.0,0.0,0.0,0.0,0.0,0.0,0.0,0.0,0.0,0.0,0.0,0.0,0.0,0.0,0.0,0.0,0.0,0.0
hongdae_image_31_heading_180.jpg,10.693359375,28.9794921875,23.583984375,4.6630859375,20.6787109375,0.360107421875,1.251220703125,9.7900390625,0.0,0.0,0.0,0.0,0.0,0.0,0.0,0.0,0.0,0.0,0.0,0.0,0.0,0.0,0.0,0.0,0.0,0.0,0.0,0.0,0.0,0.0,0.0
hongdae_image_31_heading_270.jpg,15.020751953125,24.91455078125,23.30322265625,1.55029296875,5.474853515625,4.57763671875,4.327392578125,20.831298828125,0.0,0.0,0.0,0.0,0.0,0.0,0.0,0.0,0.0,0.0,0.0,0.0,0.0,0.0,0.0,0.0,0.0,0.0,0.0,0.0,0.0,0.0,0.0
hongdae_image_31_heading_90.jpg,12.1337890625,27.13623046875,32.159423828125,1.69677734375,12.493896484375,0.128173828125,10.479736328125,3.77197265625,0.0,0.0,0.0,0.0,0.0,0.0,0.0,0.0,0.0,0.0,0.0,0.0,0.0,0.0,0.0,0.0,0.0,0.0,0.0,0.0,0.0,0.0,0.0
hongdae_image_32_heading_0.jpg,21.881103515625,13.78173828125,35.614013671875,0.03662109375,0.531005859375,0.50048828125,14.349365234375,13.3056640625,0.0,0.0,0.0,0.0,0.0,0.0,0.0,0.0,0.0,0.0,0.0,0.0,0.0,0.0,0.0,0.0,0.0,0.0,0.0,0.0,0.0,0.0,0.0
hongdae_image_32_heading_180.jpg,10.693359375,28.9794921875,23.583984375,4.6630859375,20.6787109375,0.360107421875,1.251220703125,9.7900390625,0.0,0.0,0.0,0.0,0.0,0.0,0.0,0.0,0.0,0.0,0.0,0.0,0.0,0.0,0.0,0.0,0.0,0.0,0.0,0.0,0.0,0.0,0.0
hongdae_image_32_heading_270.jpg,15.020751953125,24.91455078125,23.30322265625,1.55029296875,5.474853515625,4.57763671875,4.327392578125,20.831298828125,0.0,0.0,0.0,0.0,0.0,0.0,0.0,0.0,0.0,0.0,0.0,0.0,0.0,0.0,0.0,0.0,0.0,0.0,0.0,0.0,0.0,0.0,0.0
hongdae_image_32_heading_90.jpg,12.1337890625,27.13623046875,32.159423828125,1.69677734375,12.493896484375,0.128173828125,10.479736328125,3.77197265625,0.0,0.0,0.0,0.0,0.0,0.0,0.0,0.0,0.0,0.0,0.0,0.0,0.0,0.0,0.0,0.0,0.0,0.0,0.0,0.0,0.0,0.0,0.0
hongdae_image_33_heading_0.jpg,16.790771484375,9.466552734375,34.051513671875,0.152587890625,1.214599609375,0.0,4.99267578125,33.331298828125,0.0,0.0,0.0,0.0,0.0,0.0,0.0,0.0,0.0,0.0,0.0,0.0,0.0,0.0,0.0,0.0,0.0,0.0,0.0,0.0,0.0,0.0,0.0
hongdae_image_33_heading_180.jpg,8.380126953125,3.973388671875,43.896484375,0.115966796875,0.341796875,0.0,12.060546875,31.231689453125,0.0,0.0,0.0,0.0,0.0,0.0,0.0,0.0,0.0,0.0,0.0,0.0,0.0,0.0,0.0,0.0,0.0,0.0,0.0,0.0,0.0,0.0,0.0
hongdae_image_33_heading_270.jpg,13.037109375,5.09033203125,42.938232421875,0.054931640625,0.47607421875,0.0,9.820556640625,28.582763671875,0.0,0.0,0.0,0.0,0.0,0.0,0.0,0.0,0.0,0.0,0.0,0.0,0.0,0.0,0.0,0.0,0.0,0.0,0.0,0.0,0.0,0.0,0.0
hongdae_image_33_heading_90.jpg,19.744873046875,12.53662109375,42.462158203125,0.018310546875,4.034423828125,0.0,3.67431640625,17.529296875,0.0,0.0,0.0,0.0,0.0,0.0,0.0,0.0,0.0,0.0,0.0,0.0,0.0,0.0,0.0,0.0,0.0,0.0,0.0,0.0,0.0,0.0,0.0
hongdae_image_34_heading_0.jpg,14.788818359375,23.779296875,50.958251953125,0.860595703125,0.8056640625,0.1708984375,2.093505859375,6.54296875,0.0,0.0,0.0,0.0,0.0,0.0,0.0,0.0,0.0,0.0,0.0,0.0,0.0,0.0,0.0,0.0,0.0,0.0,0.0,0.0,0.0,0.0,0.0
hongdae_image_34_heading_180.jpg,8.89892578125,13.092041015625,22.4853515625,0.35400390625,1.77001953125,0.0,0.9033203125,52.496337890625,0.0,0.0,0.0,0.0,0.0,0.0,0.0,0.0,0.0,0.0,0.0,0.0,0.0,0.0,0.0,0.0,0.0,0.0,0.0,0.0,0.0,0.0,0.0
hongdae_image_34_heading_270.jpg,20.27587890625,17.39501953125,48.431396484375,0.115966796875,2.1484375,5.9814453125,3.631591796875,2.020263671875,0.0,0.0,0.0,0.0,0.0,0.0,0.0,0.0,0.0,0.0,0.0,0.0,0.0,0.0,0.0,0.0,0.0,0.0,0.0,0.0,0.0,0.0,0.0
hongdae_image_34_heading_90.jpg,9.771728515625,27.471923828125,47.100830078125,0.103759765625,1.94091796875,0.921630859375,3.521728515625,9.16748046875,0.0,0.0,0.0,0.0,0.0,0.0,0.0,0.0,0.0,0.0,0.0,0.0,0.0,0.0,0.0,0.0,0.0,0.0,0.0,0.0,0.0,0.0,0.0
hongdae_image_35_heading_0.jpg,11.297607421875,25.958251953125,38.6474609375,1.08642578125,5.1513671875,10.70556640625,4.583740234375,2.569580078125,0.0,0.0,0.0,0.0,0.0,0.0,0.0,0.0,0.0,0.0,0.0,0.0,0.0,0.0,0.0,0.0,0.0,0.0,0.0,0.0,0.0,0.0,0.0
hongdae_image_35_heading_180.jpg,12.152099609375,19.085693359375,44.000244140625,0.8056640625,5.059814453125,0.0,1.904296875,16.9921875,0.0,0.0,0.0,0.0,0.0,0.0,0.0,0.0,0.0,0.0,0.0,0.0,0.0,0.0,0.0,0.0,0.0,0.0,0.0,0.0,0.0,0.0,0.0
hongdae_image_35_heading_270.jpg,12.371826171875,21.417236328125,35.80322265625,3.40576171875,2.337646484375,4.7119140625,5.74951171875,14.202880859375,0.0,0.0,0.0,0.0,0.0,0.0,0.0,0.0,0.0,0.0,0.0,0.0,0.0,0.0,0.0,0.0,0.0,0.0,0.0,0.0,0.0,0.0,0.0
hongdae_image_35_heading_90.jpg,11.0595703125,16.326904296875,38.702392578125,0.830078125,1.50146484375,1.2939453125,14.691162109375,15.594482421875,0.0,0.0,0.0,0.0,0.0,0.0,0.0,0.0,0.0,0.0,0.0,0.0,0.0,0.0,0.0,0.0,0.0,0.0,0.0,0.0,0.0,0.0,0.0
hongdae_image_36_heading_0.jpg,27.593994140625,8.880615234375,36.865234375,0.03662109375,5.810546875,0.74462890625,4.87060546875,15.19775390625,0.0,0.0,0.0,0.0,0.0,0.0,0.0,0.0,0.0,0.0,0.0,0.0,0.0,0.0,0.0,0.0,0.0,0.0,0.0,0.0,0.0,0.0,0.0
hongdae_image_36_heading_180.jpg,9.28955078125,11.798095703125,48.9013671875,0.433349609375,7.75146484375,0.0,1.263427734375,20.562744140625,0.0,0.0,0.0,0.0,0.0,0.0,0.0,0.0,0.0,0.0,0.0,0.0,0.0,0.0,0.0,0.0,0.0,0.0,0.0,0.0,0.0,0.0,0.0
hongdae_image_36_heading_270.jpg,14.300537109375,24.090576171875,30.950927734375,0.13427734375,1.947021484375,6.011962890625,15.91796875,6.646728515625,0.0,0.0,0.0,0.0,0.0,0.0,0.0,0.0,0.0,0.0,0.0,0.0,0.0,0.0,0.0,0.0,0.0,0.0,0.0,0.0,0.0,0.0,0.0
hongdae_image_36_heading_90.jpg,12.921142578125,21.96044921875,47.4365234375,0.274658203125,2.191162109375,3.22265625,4.150390625,7.843017578125,0.0,0.0,0.0,0.0,0.0,0.0,0.0,0.0,0.0,0.0,0.0,0.0,0.0,0.0,0.0,0.0,0.0,0.0,0.0,0.0,0.0,0.0,0.0
hongdae_image_37_heading_0.jpg,19.476318359375,19.98291015625,44.4580078125,0.40283203125,1.214599609375,3.131103515625,5.1025390625,6.231689453125,0.0,0.0,0.0,0.0,0.0,0.0,0.0,0.0,0.0,0.0,0.0,0.0,0.0,0.0,0.0,0.0,0.0,0.0,0.0,0.0,0.0,0.0,0.0
hongdae_image_37_heading_180.jpg,13.525390625,12.24365234375,40.83251953125,0.439453125,5.438232421875,0.0,3.948974609375,23.57177734375,0.0,0.0,0.0,0.0,0.0,0.0,0.0,0.0,0.0,0.0,0.0,0.0,0.0,0.0,0.0,0.0,0.0,0.0,0.0,0.0,0.0,0.0,0.0
hongdae_image_37_heading_270.jpg,9.228515625,22.64404296875,42.39501953125,0.30517578125,1.361083984375,1.62353515625,12.36572265625,10.076904296875,0.0,0.0,0.0,0.0,0.0,0.0,0.0,0.0,0.0,0.0,0.0,0.0,0.0,0.0,0.0,0.0,0.0,0.0,0.0,0.0,0.0,0.0,0.0
hongdae_image_37_heading_90.jpg,12.017822265625,19.024658203125,38.34228515625,1.64794921875,4.98046875,2.874755859375,3.070068359375,18.0419921875,0.0,0.0,0.0,0.0,0.0,0.0,0.0,0.0,0.0,0.0,0.0,0.0,0.0,0.0,0.0,0.0,0.0,0.0,0.0,0.0,0.0,0.0,0.0
hongdae_image_38_heading_0.jpg,10.308837890625,21.588134765625,24.8291015625,0.7568359375,0.494384765625,1.904296875,18.499755859375,21.61865234375,0.0,0.0,0.0,0.0,0.0,0.0,0.0,0.0,0.0,0.0,0.0,0.0,0.0,0.0,0.0,0.0,0.0,0.0,0.0,0.0,0.0,0.0,0.0
hongdae_image_38_heading_180.jpg,10.467529296875,27.227783203125,35.7177734375,0.274658203125,0.1220703125,3.936767578125,12.322998046875,9.930419921875,0.0,0.0,0.0,0.0,0.0,0.0,0.0,0.0,0.0,0.0,0.0,0.0,0.0,0.0,0.0,0.0,0.0,0.0,0.0,0.0,0.0,0.0,0.0
hongdae_image_38_heading_270.jpg,11.370849609375,32.48291015625,29.425048828125,0.9521484375,1.806640625,7.373046875,10.272216796875,6.317138671875,0.0,0.0,0.0,0.0,0.0,0.0,0.0,0.0,0.0,0.0,0.0,0.0,0.0,0.0,0.0,0.0,0.0,0.0,0.0,0.0,0.0,0.0,0.0
hongdae_image_38_heading_90.jpg,12.091064453125,31.298828125,23.626708984375,1.86767578125,1.3427734375,8.10546875,13.726806640625,7.940673828125,0.0,0.0,0.0,0.0,0.0,0.0,0.0,0.0,0.0,0.0,0.0,0.0,0.0,0.0,0.0,0.0,0.0,0.0,0.0,0.0,0.0,0.0,0.0
hongdae_image_39_heading_0.jpg,10.809326171875,33.740234375,34.710693359375,0.714111328125,1.96533203125,11.431884765625,3.961181640625,2.667236328125,0.0,0.0,0.0,0.0,0.0,0.0,0.0,0.0,0.0,0.0,0.0,0.0,0.0,0.0,0.0,0.0,0.0,0.0,0.0,0.0,0.0,0.0,0.0
hongdae_image_39_heading_180.jpg,11.297607421875,15.4296875,39.56298828125,1.556396484375,3.1005859375,0.0,15.142822265625,13.909912109375,0.0,0.0,0.0,0.0,0.0,0.0,0.0,0.0,0.0,0.0,0.0,0.0,0.0,0.0,0.0,0.0,0.0,0.0,0.0,0.0,0.0,0.0,0.0
hongdae_image_39_heading_270.jpg,18.45703125,19.4091796875,32.33642578125,1.123046875,1.26953125,0.9033203125,14.39208984375,12.109375,0.0,0.0,0.0,0.0,0.0,0.0,0.0,0.0,0.0,0.0,0.0,0.0,0.0,0.0,0.0,0.0,0.0,0.0,0.0,0.0,0.0,0.0,0.0
hongdae_image_39_heading_90.jpg,10.24169921875,32.58056640625,45.88623046875,0.35400390625,0.244140625,3.729248046875,2.239990234375,4.72412109375,0.0,0.0,0.0,0.0,0.0,0.0,0.0,0.0,0.0,0.0,0.0,0.0,0.0,0.0,0.0,0.0,0.0,0.0,0.0,0.0,0.0,0.0,0.0
hongdae_image_3_heading_0.jpg,13.83056640625,18.524169921875,14.29443359375,1.763916015625,20.806884765625,0.0,29.01611328125,1.763916015625,0.0,0.0,0.0,0.0,0.0,0.0,0.0,0.0,0.0,0.0,0.0,0.0,0.0,0.0,0.0,0.0,0.0,0.0,0.0,0.0,0.0,0.0,0.0
hongdae_image_3_heading_180.jpg,23.1201171875,7.14111328125,10.63232421875,1.812744140625,18.27392578125,0.0,17.291259765625,21.728515625,0.0,0.0,0.0,0.0,0.0,0.0,0.0,0.0,0.0,0.0,0.0,0.0,0.0,0.0,0.0,0.0,0.0,0.0,0.0,0.0,0.0,0.0,0.0
hongdae_image_3_heading_270.jpg,11.19384765625,26.263427734375,24.639892578125,1.64794921875,20.074462890625,1.18408203125,9.3017578125,5.694580078125,0.0,0.0,0.0,0.0,0.0,0.0,0.0,0.0,0.0,0.0,0.0,0.0,0.0,0.0,0.0,0.0,0.0,0.0,0.0,0.0,0.0,0.0,0.0
hongdae_image_3_heading_90.jpg,11.376953125,19.42138671875,7.659912109375,1.824951171875,24.664306640625,2.227783203125,23.193359375,9.63134765625,0.0,0.0,0.0,0.0,0.0,0.0,0.0,0.0,0.0,0.0,0.0,0.0,0.0,0.0,0.0,0.0,0.0,0.0,0.0,0.0,0.0,0.0,0.0
hongdae_image_4_heading_0.jpg,13.83056640625,18.524169921875,14.29443359375,1.763916015625,20.806884765625,0.0,29.01611328125,1.763916015625,0.0,0.0,0.0,0.0,0.0,0.0,0.0,0.0,0.0,0.0,0.0,0.0,0.0,0.0,0.0,0.0,0.0,0.0,0.0,0.0,0.0,0.0,0.0
hongdae_image_4_heading_180.jpg,23.1201171875,7.14111328125,10.63232421875,1.812744140625,18.27392578125,0.0,17.291259765625,21.728515625,0.0,0.0,0.0,0.0,0.0,0.0,0.0,0.0,0.0,0.0,0.0,0.0,0.0,0.0,0.0,0.0,0.0,0.0,0.0,0.0,0.0,0.0,0.0
hongdae_image_4_heading_270.jpg,11.19384765625,26.263427734375,24.639892578125,1.64794921875,20.074462890625,1.18408203125,9.3017578125,5.694580078125,0.0,0.0,0.0,0.0,0.0,0.0,0.0,0.0,0.0,0.0,0.0,0.0,0.0,0.0,0.0,0.0,0.0,0.0,0.0,0.0,0.0,0.0,0.0
hongdae_image_4_heading_90.jpg,11.376953125,19.42138671875,7.659912109375,1.824951171875,24.664306640625,2.227783203125,23.193359375,9.63134765625,0.0,0.0,0.0,0.0,0.0,0.0,0.0,0.0,0.0,0.0,0.0,0.0,0.0,0.0,0.0,0.0,0.0,0.0,0.0,0.0,0.0,0.0,0.0
hongdae_image_5_heading_0.jpg,10.198974609375,30.9814453125,9.844970703125,4.40673828125,20.574951171875,0.5859375,15.625,7.781982421875,0.0,0.0,0.0,0.0,0.0,0.0,0.0,0.0,0.0,0.0,0.0,0.0,0.0,0.0,0.0,0.0,0.0,0.0,0.0,0.0,0.0,0.0,0.0
hongdae_image_5_heading_180.jpg,11.3525390625,10.906982421875,9.1552734375,1.0009765625,14.8681640625,0.006103515625,20.501708984375,32.208251953125,0.0,0.0,0.0,0.0,0.0,0.0,0.0,0.0,0.0,0.0,0.0,0.0,0.0,0.0,0.0,0.0,0.0,0.0,0.0,0.0,0.0,0.0,0.0
hongdae_image_5_heading_270.jpg,18.6767578125,17.626953125,14.947509765625,2.105712890625,20.69091796875,0.0,17.803955078125,8.148193359375,0.0,0.0,0.0,0.0,0.0,0.0,0.0,0.0,0.0,0.0,0.0,0.0,0.0,0.0,0.0,0.0,0.0,0.0,0.0,0.0,0.0,0.0,0.0
hongdae_image_5_heading_90.jpg,9.246826171875,24.18212890625,7.464599609375,2.703857421875,23.291015625,0.347900390625,9.38720703125,23.37646484375,0.0,0.0,0.0,0.0,0.0,0.0,0.0,0.0,0.0,0.0,0.0,0.0,0.0,0.0,0.0,0.0,0.0,0.0,0.0,0.0,0.0,0.0,0.0
hongdae_image_6_heading_0.jpg,10.894775390625,36.279296875,28.692626953125,0.0244140625,0.048828125,0.10986328125,0.634765625,23.3154296875,0.0,0.0,0.0,0.0,0.0,0.0,0.0,0.0,0.0,0.0,0.0,0.0,0.0,0.0,0.0,0.0,0.0,0.0,0.0,0.0,0.0,0.0,0.0
hongdae_image_6_heading_180.jpg,11.19384765625,37.5244140625,15.75927734375,2.276611328125,0.885009765625,1.953125,19.64111328125,10.7666015625,0.0,0.0,0.0,0.0,0.0,0.0,0.0,0.0,0.0,0.0,0.0,0.0,0.0,0.0,0.0,0.0,0.0,0.0,0.0,0.0,0.0,0.0,0.0
hongdae_image_6_heading_270.jpg,11.822509765625,38.897705078125,25.152587890625,1.568603515625,3.96728515625,1.385498046875,12.92724609375,4.278564453125,0.0,0.0,0.0,0.0,0.0,0.0,0.0,0.0,0.0,0.0,0.0,0.0,0.0,0.0,0.0,0.0,0.0,0.0,0.0,0.0,0.0,0.0,0.0
hongdae_image_6_heading_90.jpg,11.865234375,34.979248046875,11.676025390625,0.37841796875,0.25634765625,11.2548828125,11.590576171875,17.999267578125,0.0,0.0,0.0,0.0,0.0,0.0,0.0,0.0,0.0,0.0,0.0,0.0,0.0,0.0,0.0,0.0,0.0,0.0,0.0,0.0,0.0,0.0,0.0
ssook_image_0_heading_0.jpg,10.2783203125,31.195068359375,34.625244140625,0.0,0.06103515625,14.88037109375,4.52880859375,4.43115234375,0.0,0.0,0.0,0.0,0.0,0.0,0.0,0.0,0.0,0.0,0.0,0.0,0.0,0.0,0.0,0.0,0.0,0.0,0.0,0.0,0.0,0.0,0.0
ssook_image_0_heading_180.jpg,10.137939453125,31.5673828125,24.3408203125,0.506591796875,3.753662109375,16.619873046875,1.947021484375,11.126708984375,0.0,0.0,0.0,0.0,0.0,0.0,0.0,0.0,0.0,0.0,0.0,0.0,0.0,0.0,0.0,0.0,0.0,0.0,0.0,0.0,0.0,0.0,0.0
ssook_image_0_heading_270.jpg,11.0595703125,30.6884765625,30.23681640625,0.4638671875,0.177001953125,14.2822265625,4.06494140625,9.027099609375,0.0,0.0,0.0,0.0,0.0,0.0,0.0,0.0,0.0,0.0,0.0,0.0,0.0,0.0,0.0,0.0,0.0,0.0,0.0,0.0,0.0,0.0,0.0
ssook_image_0_heading_90.jpg,9.66796875,29.01611328125,26.26953125,0.1220703125,1.739501953125,12.0361328125,3.460693359375,17.68798828125,0.0,0.0,0.0,0.0,0.0,0.0,0.0,0.0,0.0,0.0,0.0,0.0,0.0,0.0,0.0,0.0,0.0,0.0,0.0,0.0,0.0,0.0,0.0
ssook_image_10_heading_0.jpg,9.99755859375,32.647705078125,50.213623046875,0.3173828125,0.0,1.15966796875,1.068115234375,4.595947265625,0.0,0.0,0.0,0.0,0.0,0.0,0.0,0.0,0.0,0.0,0.0,0.0,0.0,0.0,0.0,0.0,0.0,0.0,0.0,0.0,0.0,0.0,0.0
ssook_image_10_heading_180.jpg,23.42529296875,7.4951171875,35.41259765625,0.750732421875,0.0,0.0,13.201904296875,19.71435546875,0.0,0.0,0.0,0.0,0.0,0.0,0.0,0.0,0.0,0.0,0.0,0.0,0.0,0.0,0.0,0.0,0.0,0.0,0.0,0.0,0.0,0.0,0.0
ssook_image_10_heading_270.jpg,10.223388671875,32.061767578125,32.275390625,1.11083984375,0.335693359375,14.691162109375,4.931640625,4.3701171875,0.0,0.0,0.0,0.0,0.0,0.0,0.0,0.0,0.0,0.0,0.0,0.0,0.0,0.0,0.0,0.0,0.0,0.0,0.0,0.0,0.0,0.0,0.0
ssook_image_10_heading_90.jpg,6.805419921875,37.811279296875,29.962158203125,1.18408203125,0.25634765625,6.50634765625,8.026123046875,9.4482421875,0.0,0.0,0.0,0.0,0.0,0.0,0.0,0.0,0.0,0.0,0.0,0.0,0.0,0.0,0.0,0.0,0.0,0.0,0.0,0.0,0.0,0.0,0.0
ssook_image_11_heading_0.jpg,10.577392578125,21.612548828125,42.76123046875,0.29296875,0.01220703125,3.89404296875,4.156494140625,16.693115234375,0.0,0.0,0.0,0.0,0.0,0.0,0.0,0.0,0.0,0.0,0.0,0.0,0.0,0.0,0.0,0.0,0.0,0.0,0.0,0.0,0.0,0.0,0.0
ssook_image_11_heading_180.jpg,31.21337890625,0.50048828125,44.7998046875,0.201416015625,0.518798828125,0.213623046875,7.26318359375,15.289306640625,0.0,0.0,0.0,0.0,0.0,0.0,0.0,0.0,0.0,0.0,0.0,0.0,0.0,0.0,0.0,0.0,0.0,0.0,0.0,0.0,0.0,0.0,0.0
ssook_image_11_heading_270.jpg,8.85009765625,32.427978515625,30.499267578125,1.324462890625,0.15869140625,9.893798828125,14.544677734375,2.301025390625,0.0,0.0,0.0,0.0,0.0,0.0,0.0,0.0,0.0,0.0,0.0,0.0,0.0,0.0,0.0,0.0,0.0,0.0,0.0,0.0,0.0,0.0,0.0
ssook_image_11_heading_90.jpg,10.546875,32.562255859375,38.31787109375,1.025390625,0.494384765625,0.091552734375,11.62109375,5.340576171875,0.0,0.0,0.0,0.0,0.0,0.0,0.0,0.0,0.0,0.0,0.0,0.0,0.0,0.0,0.0,0.0,0.0,0.0,0.0,0.0,0.0,0.0,0.0
ssook_image_12_heading_0.jpg,10.21728515625,32.806396484375,36.34033203125,0.72021484375,0.03662109375,4.559326171875,3.790283203125,11.529541015625,0.0,0.0,0.0,0.0,0.0,0.0,0.0,0.0,0.0,0.0,0.0,0.0,0.0,0.0,0.0,0.0,0.0,0.0,0.0,0.0,0.0,0.0,0.0
ssook_image_12_heading_180.jpg,17.254638671875,15.655517578125,31.640625,0.640869140625,0.0,0.0,16.00341796875,18.804931640625,0.0,0.0,0.0,0.0,0.0,0.0,0.0,0.0,0.0,0.0,0.0,0.0,0.0,0.0,0.0,0.0,0.0,0.0,0.0,0.0,0.0,0.0,0.0
ssook_image_12_heading_270.jpg,10.7177734375,28.094482421875,34.857177734375,1.617431640625,0.152587890625,9.38720703125,7.989501953125,7.183837890625,0.0,0.0,0.0,0.0,0.0,0.0,0.0,0.0,0.0,0.0,0.0,0.0,0.0,0.0,0.0,0.0,0.0,0.0,0.0,0.0,0.0,0.0,0.0
ssook_image_12_heading_90.jpg,5.938720703125,35.931396484375,34.808349609375,0.6591796875,0.152587890625,7.77587890625,8.453369140625,6.280517578125,0.0,0.0,0.0,0.0,0.0,0.0,0.0,0.0,0.0,0.0,0.0,0.0,0.0,0.0,0.0,0.0,0.0,0.0,0.0,0.0,0.0,0.0,0.0
ssook_image_13_heading_0.jpg,7.1044921875,34.649658203125,43.597412109375,0.213623046875,0.0,8.53271484375,5.2001953125,0.701904296875,0.0,0.0,0.0,0.0,0.0,0.0,0.0,0.0,0.0,0.0,0.0,0.0,0.0,0.0,0.0,0.0,0.0,0.0,0.0,0.0,0.0,0.0,0.0
ssook_image_13_heading_180.jpg,13.3544921875,23.8037109375,37.750244140625,2.081298828125,0.689697265625,2.178955078125,12.774658203125,7.366943359375,0.0,0.0,0.0,0.0,0.0,0.0,0.0,0.0,0.0,0.0,0.0,0.0,0.0,0.0,0.0,0.0,0.0,0.0,0.0,0.0,0.0,0.0,0.0
ssook_image_13_heading_270.jpg,10.90087890625,33.453369140625,25.982666015625,0.1220703125,0.50048828125,14.422607421875,7.000732421875,7.6171875,0.0,0.0,0.0,0.0,0.0,0.0,0.0,0.0,0.0,0.0,0.0,0.0,0.0,0.0,0.0,0.0,0.0,0.0,0.0,0.0,0.0,0.0,0.0
ssook_image_13_heading_90.jpg,10.5712890625,34.649658203125,35.186767578125,0.146484375,0.164794921875,7.2021484375,10.589599609375,1.4892578125,0.0,0.0,0.0,0.0,0.0,0.0,0.0,0.0,0.0,0.0,0.0,0.0,0.0,0.0,0.0,0.0,0.0,0.0,0.0,0.0,0.0,0.0,0.0
ssook_image_14_heading_0.jpg,9.7900390625,32.318115234375,45.318603515625,0.048828125,0.0,1.263427734375,8.3984375,2.862548828125,0.0,0.0,0.0,0.0,0.0,0.0,0.0,0.0,0.0,0.0,0.0,0.0,0.0,0.0,0.0,0.0,0.0,0.0,0.0,0.0,0.0,0.0,0.0
ssook_image_14_heading_180.jpg,18.4814453125,25.115966796875,35.076904296875,1.7578125,2.25830078125,0.20751953125,8.0078125,9.09423828125,0.0,0.0,0.0,0.0,0.0,0.0,0.0,0.0,0.0,0.0,0.0,0.0,0.0,0.0,0.0,0.0,0.0,0.0,0.0,0.0,0.0,0.0,0.0
ssook_image_14_heading_270.jpg,11.163330078125,33.447265625,33.953857421875,0.091552734375,0.0732421875,12.43896484375,6.15234375,2.679443359375,0.0,0.0,0.0,0.0,0.0,0.0,0.0,0.0,0.0,0.0,0.0,0.0,0.0,0.0,0.0,0.0,0.0,0.0,0.0,0.0,0.0,0.0,0.0
ssook_image_14_heading_90.jpg,12.701416015625,33.770751953125,34.197998046875,1.300048828125,0.0,5.816650390625,9.50927734375,2.703857421875,0.0,0.0,0.0,0.0,0.0,0.0,0.0,0.0,0.0,0.0,0.0,0.0,0.0,0.0,0.0,0.0,0.0,0.0,0.0,0.0,0.0,0.0,0.0
ssook_image_15_heading_0.jpg,6.4208984375,29.901123046875,36.309814453125,0.244140625,0.701904296875,6.134033203125,6.024169921875,14.263916015625,0.0,0.0,0.0,0.0,0.0,0.0,0.0,0.0,0.0,0.0,0.0,0.0,0.0,0.0,0.0,0.0,0.0,0.0,0.0,0.0,0.0,0.0,0.0
ssook_image_15_heading_180.jpg,13.470458984375,21.19140625,35.723876953125,0.91552734375,0.0,0.079345703125,13.73291015625,14.886474609375,0.0,0.0,0.0,0.0,0.0,0.0,0.0,0.0,0.0,0.0,0.0,0.0,0.0,0.0,0.0,0.0,0.0,0.0,0.0,0.0,0.0,0.0,0.0
ssook_image_15_heading_270.jpg,10.29052734375,33.69140625,32.684326171875,0.543212890625,0.0732421875,10.009765625,8.148193359375,4.559326171875,0.0,0.0,0.0,0.0,0.0,0.0,0.0,0.0,0.0,0.0,0.0,0.0,0.0,0.0,0.0,0.0,0.0,0.0,0.0,0.0,0.0,0.0,0.0
ssook_image_15_heading_90.jpg,10.430908203125,34.033203125,23.9013671875,0.1220703125,0.006103515625,15.533447265625,14.532470703125,1.4404296875,0.0,0.0,0.0,0.0,0.0,0.0,0.0,0.0,0.0,0.0,0.0,0.0,0.0,0.0,0.0,0.0,0.0,0.0,0.0,0.0,0.0,0.0,0.0
ssook_image_16_heading_0.jpg,8.831787109375,27.44140625,22.723388671875,0.52490234375,0.0,13.055419921875,8.53271484375,18.890380859375,0.0,0.0,0.0,0.0,0.0,0.0,0.0,0.0,0.0,0.0,0.0,0.0,0.0,0.0,0.0,0.0,0.0,0.0,0.0,0.0,0.0,0.0,0.0
ssook_image_16_heading_180.jpg,12.060546875,30.303955078125,33.55712890625,1.214599609375,0.0,4.62646484375,11.749267578125,6.488037109375,0.0,0.0,0.0,0.0,0.0,0.0,0.0,0.0,0.0,0.0,0.0,0.0,0.0,0.0,0.0,0.0,0.0,0.0,0.0,0.0,0.0,0.0,0.0
ssook_image_16_heading_270.jpg,6.390380859375,38.201904296875,22.22900390625,2.239990234375,8.416748046875,15.899658203125,5.126953125,1.495361328125,0.0,0.0,0.0,0.0,0.0,0.0,0.0,0.0,0.0,0.0,0.0,0.0,0.0,0.0,0.0,0.0,0.0,0.0,0.0,0.0,0.0,0.0,0.0
ssook_image_16_heading_90.jpg,11.175537109375,24.45068359375,35.699462890625,1.66015625,7.58056640625,8.062744140625,2.25830078125,9.112548828125,0.0,0.0,0.0,0.0,0.0,0.0,0.0,0.0,0.0,0.0,0.0,0.0,0.0,0.0,0.0,0.0,0.0,0.0,0.0,0.0,0.0,0.0,0.0
ssook_image_17_heading_0.jpg,7.745361328125,33.642578125,44.43359375,0.494384765625,2.1484375,7.50732421875,2.716064453125,1.312255859375,0.0,0.0,0.0,0.0,0.0,0.0,0.0,0.0,0.0,0.0,0.0,0.0,0.0,0.0,0.0,0.0,0.0,0.0,0.0,0.0,0.0,0.0,0.0
ssook_image_17_heading_180.jpg,24.212646484375,17.87109375,20.367431640625,0.994873046875,0.262451171875,11.03515625,8.319091796875,16.937255859375,0.0,0.0,0.0,0.0,0.0,0.0,0.0,0.0,0.0,0.0,0.0,0.0,0.0,0.0,0.0,0.0,0.0,0.0,0.0,0.0,0.0,0.0,0.0
ssook_image_17_heading_270.jpg,10.955810546875,30.816650390625,34.649658203125,0.384521484375,0.4150390625,10.302734375,5.84716796875,6.62841796875,0.0,0.0,0.0,0.0,0.0,0.0,0.0,0.0,0.0,0.0,0.0,0.0,0.0,0.0,0.0,0.0,0.0,0.0,0.0,0.0,0.0,0.0,0.0
ssook_image_17_heading_90.jpg,10.333251953125,33.599853515625,23.81591796875,0.616455078125,0.0,12.4267578125,14.80712890625,4.400634765625,0.0,0.0,0.0,0.0,0.0,0.0,0.0,0.0,0.0,0.0,0.0,0.0,0.0,0.0,0.0,0.0,0.0,0.0,0.0,0.0,0.0,0.0,0.0
ssook_image_18_heading_0.jpg,6.500244140625,36.14501953125,52.33154296875,0.537109375,0.9033203125,1.23291015625,1.62353515625,0.726318359375,0.0,0.0,0.0,0.0,0.0,0.0,0.0,0.0,0.0,0.0,0.0,0.0,0.0,0.0,0.0,0.0,0.0,0.0,0.0,0.0,0.0,0.0,0.0
ssook_image_18_heading_180.jpg,18.218994140625,23.5107421875,46.05712890625,0.115966796875,0.018310546875,0.72021484375,9.429931640625,1.9287109375,0.0,0.0,0.0,0.0,0.0,0.0,0.0,0.0,0.0,0.0,0.0,0.0,0.0,0.0,0.0,0.0,0.0,0.0,0.0,0.0,0.0,0.0,0.0
ssook_image_18_heading_270.jpg,10.565185546875,35.455322265625,36.749267578125,0.0,0.537109375,10.21728515625,3.094482421875,3.38134765625,0.0,0.0,0.0,0.0,0.0,0.0,0.0,0.0,0.0,0.0,0.0,0.0,0.0,0.0,0.0,0.0,0.0,0.0,0.0,0.0,0.0,0.0,0.0
ssook_image_18_heading_90.jpg,10.0341796875,32.87353515625,36.297607421875,0.91552734375,2.4169921875,1.67236328125,13.6474609375,2.142333984375,0.0,0.0,0.0,0.0,0.0,0.0,0.0,0.0,0.0,0.0,0.0,0.0,0.0,0.0,0.0,0.0,0.0,0.0,0.0,0.0,0.0,0.0,0.0
ssook_image_19_heading_0.jpg,6.280517578125,32.1044921875,38.311767578125,0.537109375,0.30517578125,1.483154296875,7.4951171875,13.482666015625,0.0,0.0,0.0,0.0,0.0,0.0,0.0,0.0,0.0,0.0,0.0,0.0,0.0,0.0,0.0,0.0,0.0,0.0,0.0,0.0,0.0,0.0,0.0
ssook_image_19_heading_180.jpg,14.29443359375,10.137939453125,45.068359375,0.0,0.0,0.0,7.098388671875,23.40087890625,0.0,0.0,0.0,0.0,0.0,0.0,0.0,0.0,0.0,0.0,0.0,0.0,0.0,0.0,0.0,0.0,0.0,0.0,0.0,0.0,0.0,0.0,0.0
ssook_image_19_heading_270.jpg,12.103271484375,21.697998046875,27.55126953125,0.787353515625,0.32958984375,2.0751953125,17.718505859375,17.73681640625,0.0,0.0,0.0,0.0,0.0,0.0,0.0,0.0,0.0,0.0,0.0,0.0,0.0,0.0,0.0,0.0,0.0,0.0,0.0,0.0,0.0,0.0,0.0
ssook_image_19_heading_90.jpg,12.249755859375,28.546142578125,44.0185546875,0.244140625,0.225830078125,8.33740234375,2.667236328125,3.7109375,0.0,0.0,0.0,0.0,0.0,0.0,0.0,0.0,0.0,0.0,0.0,0.0,0.0,0.0,0.0,0.0,0.0,0.0,0.0,0.0,0.0,0.0,0.0
ssook_image_1_heading_0.jpg,11.163330078125,30.718994140625,24.4873046875,3.955078125,3.74755859375,8.856201171875,8.575439453125,8.49609375,0.0,0.0,0.0,0.0,0.0,0.0,0.0,0.0,0.0,0.0,0.0,0.0,0.0,0.0,0.0,0.0,0.0,0.0,0.0,0.0,0.0,0.0,0.0
ssook_image_1_heading_180.jpg,12.042236328125,25.89111328125,28.814697265625,3.47900390625,5.70068359375,4.7119140625,1.556396484375,17.803955078125,0.0,0.0,0.0,0.0,0.0,0.0,0.0,0.0,0.0,0.0,0.0,0.0,0.0,0.0,0.0,0.0,0.0,0.0,0.0,0.0,0.0,0.0,0.0
ssook_image_1_heading_270.jpg,9.92431640625,32.99560546875,28.3203125,1.214599609375,1.202392578125,16.741943359375,3.3447265625,6.256103515625,0.0,0.0,0.0,0.0,0.0,0.0,0.0,0.0,0.0,0.0,0.0,0.0,0.0,0.0,0.0,0.0,0.0,0.0,0.0,0.0,0.0,0.0,0.0
ssook_image_1_heading_90.jpg,11.87744140625,30.859375,25.5859375,2.874755859375,1.26953125,14.678955078125,5.572509765625,7.281494140625,0.0,0.0,0.0,0.0,0.0,0.0,0.0,0.0,0.0,0.0,0.0,0.0,0.0,0.0,0.0,0.0,0.0,0.0,0.0,0.0,0.0,0.0,0.0
ssook_image_2_heading_0.jpg,25.848388671875,12.70751953125,35.595703125,1.153564453125,0.030517578125,0.0,8.795166015625,15.869140625,0.0,0.0,0.0,0.0,0.0,0.0,0.0,0.0,0.0,0.0,0.0,0.0,0.0,0.0,0.0,0.0,0.0,0.0,0.0,0.0,0.0,0.0,0.0
ssook_image_2_heading_180.jpg,7.196044921875,24.578857421875,40.899658203125,0.10986328125,1.30615234375,2.496337890625,3.43017578125,19.98291015625,0.0,0.0,0.0,0.0,0.0,0.0,0.0,0.0,0.0,0.0,0.0,0.0,0.0,0.0,0.0,0.0,0.0,0.0,0.0,0.0,0.0,0.0,0.0
ssook_image_2_heading_270.jpg,13.922119140625,27.685546875,34.8388671875,0.823974609375,0.921630859375,10.107421875,4.150390625,7.550048828125,0.0,0.0,0.0,0.0,0.0,0.0,0.0,0.0,0.0,0.0,0.0,0.0,0.0,0.0,0.0,0.0,0.0,0.0,0.0,0.0,0.0,0.0,0.0
ssook_image_2_heading_90.jpg,10.400390625,29.43115234375,43.560791015625,0.714111328125,0.311279296875,0.64697265625,3.72314453125,11.212158203125,0.0,0.0,0.0,0.0,0.0,0.0,0.0,0.0,0.0,0.0,0.0,0.0,0.0,0.0,0.0,0.0,0.0,0.0,0.0,0.0,0.0,0.0,0.0
ssook_image_3_heading_0.jpg,11.376953125,20.703125,40.8203125,0.8544921875,0.225830078125,2.923583984375,7.43408203125,15.66162109375,0.0,0.0,0.0,0.0,0.0,0.0,0.0,0.0,0.0,0.0,0.0,0.0,0.0,0.0,0.0,0.0,0.0,0.0,0.0,0.0,0.0,0.0,0.0
ssook_image_3_heading_180.jpg,13.70849609375,22.320556640625,52.313232421875,1.153564453125,2.11181640625,0.0,0.81787109375,7.574462890625,0.0,0.0,0.0,0.0,0.0,0.0,0.0,0.0,0.0,0.0,0.0,0.0,0.0,0.0,0.0,0.0,0.0,0.0,0.0,0.0,0.0,0.0,0.0
ssook_image_3_heading_270.jpg,10.21728515625,33.514404296875,43.072509765625,0.146484375,0.0,8.056640625,2.130126953125,2.862548828125,0.0,0.0,0.0,0.0,0.0,0.0,0.0,0.0,0.0,0.0,0.0,0.0,0.0,0.0,0.0,0.0,0.0,0.0,0.0,0.0,0.0,0.0,0.0
ssook_image_3_heading_90.jpg,14.666748046875,24.23095703125,43.475341796875,1.898193359375,1.593017578125,2.362060546875,6.15234375,5.621337890625,0.0,0.0,0.0,0.0,0.0,0.0,0.0,0.0,0.0,0.0,0.0,0.0,0.0,0.0,0.0,0.0,0.0,0.0,0.0,0.0,0.0,0.0,0.0
ssook_image_4_heading_0.jpg,31.4697265625,1.1474609375,50.146484375,1.1474609375,0.0,0.0,9.967041015625,6.121826171875,0.0,0.0,0.0,0.0,0.0,0.0,0.0,0.0,0.0,0.0,0.0,0.0,0.0,0.0,0.0,0.0,0.0,0.0,0.0,0.0,0.0,0.0,0.0
ssook_image_4_heading_180.jpg,9.234619140625,33.270263671875,33.447265625,0.494384765625,0.006103515625,9.381103515625,7.501220703125,6.6650390625,0.0,0.0,0.0,0.0,0.0,0.0,0.0,0.0,0.0,0.0,0.0,0.0,0.0,0.0,0.0,0.0,0.0,0.0,0.0,0.0,0.0,0.0,0.0
ssook_image_4_heading_270.jpg,11.517333984375,31.988525390625,33.282470703125,0.830078125,0.23193359375,12.36572265625,4.718017578125,5.06591796875,0.0,0.0,0.0,0.0,0.0,0.0,0.0,0.0,0.0,0.0,0.0,0.0,0.0,0.0,0.0,0.0,0.0,0.0,0.0,0.0,0.0,0.0,0.0
ssook_image_4_heading_90.jpg,12.70751953125,30.56640625,43.280029296875,0.494384765625,0.048828125,2.337646484375,7.38525390625,3.179931640625,0.0,0.0,0.0,0.0,0.0,0.0,0.0,0.0,0.0,0.0,0.0,0.0,0.0,0.0,0.0,0.0,0.0,0.0,0.0,0.0,0.0,0.0,0.0
ssook_image_5_heading_0.jpg,13.04931640625,15.472412109375,40.911865234375,0.848388671875,0.286865234375,0.152587890625,21.1181640625,8.160400390625,0.0,0.0,0.0,0.0,0.0,0.0,0.0,0.0,0.0,0.0,0.0,0.0,0.0,0.0,0.0,0.0,0.0,0.0,0.0,0.0,0.0,0.0,0.0
ssook_image_5_heading_180.jpg,10.455322265625,19.580078125,31.805419921875,0.32958984375,0.3173828125,1.556396484375,1.62353515625,34.332275390625,0.0,0.0,0.0,0.0,0.0,0.0,0.0,0.0,0.0,0.0,0.0,0.0,0.0,0.0,0.0,0.0,0.0,0.0,0.0,0.0,0.0,0.0,0.0
ssook_image_5_heading_270.jpg,10.26611328125,32.75146484375,39.05029296875,0.29296875,0.030517578125,8.59375,1.611328125,7.403564453125,0.0,0.0,0.0,0.0,0.0,0.0,0.0,0.0,0.0,0.0,0.0,0.0,0.0,0.0,0.0,0.0,0.0,0.0,0.0,0.0,0.0,0.0,0.0
ssook_image_5_heading_90.jpg,10.858154296875,18.438720703125,36.181640625,0.45166015625,0.006103515625,1.690673828125,24.420166015625,7.952880859375,0.0,0.0,0.0,0.0,0.0,0.0,0.0,0.0,0.0,0.0,0.0,0.0,0.0,0.0,0.0,0.0,0.0,0.0,0.0,0.0,0.0,0.0,0.0
ssook_image_6_heading_0.jpg,8.4716796875,35.04638671875,44.68994140625,0.201416015625,0.201416015625,0.72021484375,6.964111328125,3.704833984375,0.0,0.0,0.0,0.0,0.0,0.0,0.0,0.0,0.0,0.0,0.0,0.0,0.0,0.0,0.0,0.0,0.0,0.0,0.0,0.0,0.0,0.0,0.0
ssook_image_6_heading_180.jpg,11.065673828125,20.4833984375,42.095947265625,0.87890625,0.0244140625,0.50048828125,4.04052734375,20.91064453125,0.0,0.0,0.0,0.0,0.0,0.0,0.0,0.0,0.0,0.0,0.0,0.0,0.0,0.0,0.0,0.0,0.0,0.0,0.0,0.0,0.0,0.0,0.0
ssook_image_6_heading_270.jpg,8.38623046875,18.6767578125,24.0234375,0.238037109375,0.531005859375,17.32177734375,7.415771484375,23.406982421875,0.0,0.0,0.0,0.0,0.0,0.0,0.0,0.0,0.0,0.0,0.0,0.0,0.0,0.0,0.0,0.0,0.0,0.0,0.0,0.0,0.0,0.0,0.0
ssook_image_6_heading_90.jpg,10.174560546875,29.583740234375,38.14697265625,0.45166015625,5.035400390625,3.253173828125,3.57666015625,9.77783203125,0.0,0.0,0.0,0.0,0.0,0.0,0.0,0.0,0.0,0.0,0.0,0.0,0.0,0.0,0.0,0.0,0.0,0.0,0.0,0.0,0.0,0.0,0.0
ssook_image_7_heading_0.jpg,10.205078125,31.292724609375,38.09814453125,0.445556640625,0.7080078125,11.810302734375,3.021240234375,4.4189453125,0.0,0.0,0.0,0.0,0.0,0.0,0.0,0.0,0.0,0.0,0.0,0.0,0.0,0.0,0.0,0.0,0.0,0.0,0.0,0.0,0.0,0.0,0.0
ssook_image_7_heading_180.jpg,13.18359375,25.927734375,34.796142578125,0.689697265625,0.390625,0.1708984375,19.20166015625,5.6396484375,0.0,0.0,0.0,0.0,0.0,0.0,0.0,0.0,0.0,0.0,0.0,0.0,0.0,0.0,0.0,0.0,0.0,0.0,0.0,0.0,0.0,0.0,0.0
ssook_image_7_heading_270.jpg,11.38916015625,29.815673828125,35.7666015625,0.1708984375,0.457763671875,13.76953125,4.437255859375,4.193115234375,0.0,0.0,0.0,0.0,0.0,0.0,0.0,0.0,0.0,0.0,0.0,0.0,0.0,0.0,0.0,0.0,0.0,0.0,0.0,0.0,0.0,0.0,0.0
ssook_image_7_heading_90.jpg,10.400390625,23.358154296875,33.392333984375,0.244140625,0.0,1.788330078125,15.88134765625,14.935302734375,0.0,0.0,0.0,0.0,0.0,0.0,0.0,0.0,0.0,0.0,0.0,0.0,0.0,0.0,0.0,0.0,0.0,0.0,0.0,0.0,0.0,0.0,0.0
ssook_image_8_heading_0.jpg,11.431884765625,31.365966796875,39.251708984375,1.42822265625,0.091552734375,9.33837890625,0.738525390625,6.353759765625,0.0,0.0,0.0,0.0,0.0,0.0,0.0,0.0,0.0,0.0,0.0,0.0,0.0,0.0,0.0,0.0,0.0,0.0,0.0,0.0,0.0,0.0,0.0
ssook_image_8_heading_180.jpg,17.901611328125,21.9970703125,37.249755859375,1.50146484375,0.323486328125,1.611328125,15.4052734375,4.010009765625,0.0,0.0,0.0,0.0,0.0,0.0,0.0,0.0,0.0,0.0,0.0,0.0,0.0,0.0,0.0,0.0,0.0,0.0,0.0,0.0,0.0,0.0,0.0
ssook_image_8_heading_270.jpg,11.212158203125,31.121826171875,31.671142578125,0.482177734375,0.40283203125,13.0859375,10.784912109375,1.239013671875,0.0,0.0,0.0,0.0,0.0,0.0,0.0,0.0,0.0,0.0,0.0,0.0,0.0,0.0,0.0,0.0,0.0,0.0,0.0,0.0,0.0,0.0,0.0
ssook_image_8_heading_90.jpg,9.991455078125,31.854248046875,30.82275390625,0.32958984375,0.10986328125,11.395263671875,8.197021484375,7.2998046875,0.0,0.0,0.0,0.0,0.0,0.0,0.0,0.0,0.0,0.0,0.0,0.0,0.0,0.0,0.0,0.0,0.0,0.0,0.0,0.0,0.0,0.0,0.0
ssook_image_9_heading_0.jpg,7.51953125,34.912109375,38.726806640625,0.689697265625,0.982666015625,5.767822265625,2.4658203125,8.935546875,0.0,0.0,0.0,0.0,0.0,0.0,0.0,0.0,0.0,0.0,0.0,0.0,0.0,0.0,0.0,0.0,0.0,0.0,0.0,0.0,0.0,0.0,0.0
ssook_image_9_heading_180.jpg,12.59765625,9.466552734375,40.435791015625,0.701904296875,0.0,0.0,4.229736328125,32.568359375,0.0,0.0,0.0,0.0,0.0,0.0,0.0,0.0,0.0,0.0,0.0,0.0,0.0,0.0,0.0,0.0,0.0,0.0,0.0,0.0,0.0,0.0,0.0
ssook_image_9_heading_270.jpg,11.602783203125,31.60400390625,35.8642578125,0.5859375,0.03662109375,11.907958984375,5.694580078125,2.703857421875,0.0,0.0,0.0,0.0,0.0,0.0,0.0,0.0,0.0,0.0,0.0,0.0,0.0,0.0,0.0,0.0,0.0,0.0,0.0,0.0,0.0,0.0,0.0
ssook_image_9_heading_90.jpg,10.150146484375,25.50048828125,35.821533203125,0.897216796875,0.0,4.0771484375,6.21337890625,17.340087890625,0.0,0.0,0.0,0.0,0.0,0.0,0.0,0.0,0.0,0.0,0.0,0.0,0.0,0.0,0.0,0.0,0.0,0.0,0.0,0.0,0.0,0.0,0.0
syarosu_image_0_heading_0.jpg,10.089111328125,27.38037109375,23.93798828125,0.01220703125,1.904296875,12.9638671875,17.5048828125,6.207275390625,0.0,0.0,0.0,0.0,0.0,0.0,0.0,0.0,0.0,0.0,0.0,0.0,0.0,0.0,0.0,0.0,0.0,0.0,0.0,0.0,0.0,0.0,0.0
syarosu_image_0_heading_180.jpg,16.522216796875,15.484619140625,26.556396484375,0.84228515625,9.41162109375,3.16162109375,17.694091796875,10.3271484375,0.0,0.0,0.0,0.0,0.0,0.0,0.0,0.0,0.0,0.0,0.0,0.0,0.0,0.0,0.0,0.0,0.0,0.0,0.0,0.0,0.0,0.0,0.0
syarosu_image_0_heading_270.jpg,8.599853515625,31.292724609375,22.686767578125,0.244140625,0.921630859375,22.613525390625,2.57568359375,11.065673828125,0.0,0.0,0.0,0.0,0.0,0.0,0.0,0.0,0.0,0.0,0.0,0.0,0.0,0.0,0.0,0.0,0.0,0.0,0.0,0.0,0.0,0.0,0.0
syarosu_image_0_heading_90.jpg,8.9599609375,22.4609375,53.167724609375,0.54931640625,0.01220703125,3.22265625,6.0546875,5.572509765625,0.0,0.0,0.0,0.0,0.0,0.0,0.0,0.0,0.0,0.0,0.0,0.0,0.0,0.0,0.0,0.0,0.0,0.0,0.0,0.0,0.0,0.0,0.0
syarosu_image_10_heading_0.jpg,15.899658203125,3.8330078125,31.31103515625,0.799560546875,0.213623046875,2.313232421875,10.8154296875,34.814453125,0.0,0.0,0.0,0.0,0.0,0.0,0.0,0.0,0.0,0.0,0.0,0.0,0.0,0.0,0.0,0.0,0.0,0.0,0.0,0.0,0.0,0.0,0.0
syarosu_image_10_heading_180.jpg,11.31591796875,9.271240234375,35.784912109375,1.190185546875,0.0,0.0,4.388427734375,38.04931640625,0.0,0.0,0.0,0.0,0.0,0.0,0.0,0.0,0.0,0.0,0.0,0.0,0.0,0.0,0.0,0.0,0.0,0.0,0.0,0.0,0.0,0.0,0.0
syarosu_image_10_heading_270.jpg,12.8662109375,13.311767578125,29.443359375,0.164794921875,0.1220703125,3.3447265625,22.979736328125,17.767333984375,0.0,0.0,0.0,0.0,0.0,0.0,0.0,0.0,0.0,0.0,0.0,0.0,0.0,0.0,0.0,0.0,0.0,0.0,0.0,0.0,0.0,0.0,0.0
syarosu_image_10_heading_90.jpg,15.203857421875,25.89111328125,33.367919921875,0.45166015625,0.0,8.697509765625,6.427001953125,9.9609375,0.0,0.0,0.0,0.0,0.0,0.0,0.0,0.0,0.0,0.0,0.0,0.0,0.0,0.0,0.0,0.0,0.0,0.0,0.0,0.0,0.0,0.0,0.0
syarosu_image_11_heading_0.jpg,23.065185546875,19.207763671875,42.12646484375,0.042724609375,0.042724609375,0.0,4.96826171875,10.546875,0.0,0.0,0.0,0.0,0.0,0.0,0.0,0.0,0.0,0.0,0.0,0.0,0.0,0.0,0.0,0.0,0.0,0.0,0.0,0.0,0.0,0.0,0.0
syarosu_image_11_heading_180.jpg,17.15087890625,10.174560546875,39.288330078125,1.4404296875,0.006103515625,0.0,15.374755859375,16.56494140625,0.0,0.0,0.0,0.0,0.0,0.0,0.0,0.0,0.0,0.0,0.0,0.0,0.0,0.0,0.0,0.0,0.0,0.0,0.0,0.0,0.0,0.0,0.0
syarosu_image_11_heading_270.jpg,12.68310546875,17.120361328125,45.8251953125,0.274658203125,0.09765625,4.827880859375,11.6943359375,7.476806640625,0.0,0.0,0.0,0.0,0.0,0.0,0.0,0.0,0.0,0.0,0.0,0.0,0.0,0.0,0.0,0.0,0.0,0.0,0.0,0.0,0.0,0.0,0.0
syarosu_image_11_heading_90.jpg,17.76123046875,24.560546875,32.769775390625,0.604248046875,0.244140625,2.490234375,5.0048828125,16.56494140625,0.0,0.0,0.0,0.0,0.0,0.0,0.0,0.0,0.0,0.0,0.0,0.0,0.0,0.0,0.0,0.0,0.0,0.0,0.0,0.0,0.0,0.0,0.0
syarosu_image_12_heading_0.jpg,30.48095703125,8.673095703125,23.834228515625,0.177001953125,0.0244140625,0.0,11.944580078125,24.86572265625,0.0,0.0,0.0,0.0,0.0,0.0,0.0,0.0,0.0,0.0,0.0,0.0,0.0,0.0,0.0,0.0,0.0,0.0,0.0,0.0,0.0,0.0,0.0
syarosu_image_12_heading_180.jpg,22.076416015625,12.384033203125,28.77197265625,0.091552734375,0.03662109375,0.0,4.559326171875,32.080078125,0.0,0.0,0.0,0.0,0.0,0.0,0.0,0.0,0.0,0.0,0.0,0.0,0.0,0.0,0.0,0.0,0.0,0.0,0.0,0.0,0.0,0.0,0.0
syarosu_image_12_heading_270.jpg,17.9931640625,18.66455078125,40.997314453125,1.025390625,0.006103515625,4.9072265625,11.749267578125,4.656982421875,0.0,0.0,0.0,0.0,0.0,0.0,0.0,0.0,0.0,0.0,0.0,0.0,0.0,0.0,0.0,0.0,0.0,0.0,0.0,0.0,0.0,0.0,0.0
syarosu_image_12_heading_90.jpg,10.87646484375,20.672607421875,18.81103515625,0.2685546875,0.0,1.33056640625,6.9091796875,41.131591796875,0.0,0.0,0.0,0.0,0.0,0.0,0.0,0.0,0.0,0.0,0.0,0.0,0.0,0.0,0.0,0.0,0.0,0.0,0.0,0.0,0.0,0.0,0.0
syarosu_image_13_heading_0.jpg,13.04931640625,14.7705078125,27.996826171875,0.4150390625,0.0,0.0,24.13330078125,19.635009765625,0.0,0.0,0.0,0.0,0.0,0.0,0.0,0.0,0.0,0.0,0.0,0.0,0.0,0.0,0.0,0.0,0.0,0.0,0.0,0.0,0.0,0.0,0.0
syarosu_image_13_heading_180.jpg,13.41552734375,16.058349609375,35.992431640625,0.15869140625,0.0,0.15869140625,5.523681640625,28.692626953125,0.0,0.0,0.0,0.0,0.0,0.0,0.0,0.0,0.0,0.0,0.0,0.0,0.0,0.0,0.0,0.0,0.0,0.0,0.0,0.0,0.0,0.0,0.0
syarosu_image_13_heading_270.jpg,11.48681640625,19.818115234375,27.337646484375,0.018310546875,0.08544921875,6.304931640625,9.368896484375,25.579833984375,0.0,0.0,0.0,0.0,0.0,0.0,0.0,0.0,0.0,0.0,0.0,0.0,0.0,0.0,0.0,0.0,0.0,0.0,0.0,0.0,0.0,0.0,0.0
syarosu_image_13_heading_90.jpg,10.870361328125,23.5107421875,22.49755859375,0.347900390625,2.679443359375,10.31494140625,6.54296875,23.236083984375,0.0,0.0,0.0,0.0,0.0,0.0,0.0,0.0,0.0,0.0,0.0,0.0,0.0,0.0,0.0,0.0,0.0,0.0,0.0,0.0,0.0,0.0,0.0
syarosu_image_14_heading_0.jpg,18.4326171875,13.43994140625,40.7958984375,2.18505859375,2.05078125,0.0,2.557373046875,20.538330078125,0.0,0.0,0.0,0.0,0.0,0.0,0.0,0.0,0.0,0.0,0.0,0.0,0.0,0.0,0.0,0.0,0.0,0.0,0.0,0.0,0.0,0.0,0.0
syarosu_image_14_heading_180.jpg,11.065673828125,25.18310546875,39.239501953125,0.03662109375,0.018310546875,6.884765625,7.147216796875,10.4248046875,0.0,0.0,0.0,0.0,0.0,0.0,0.0,0.0,0.0,0.0,0.0,0.0,0.0,0.0,0.0,0.0,0.0,0.0,0.0,0.0,0.0,0.0,0.0
syarosu_image_14_heading_270.jpg,11.0595703125,21.331787109375,39.0380859375,0.732421875,0.40283203125,4.8095703125,5.01708984375,17.608642578125,0.0,0.0,0.0,0.0,0.0,0.0,0.0,0.0,0.0,0.0,0.0,0.0,0.0,0.0,0.0,0.0,0.0,0.0,0.0,0.0,0.0,0.0,0.0
syarosu_image_14_heading_90.jpg,13.9404296875,17.66357421875,36.36474609375,0.67138671875,0.604248046875,3.131103515625,4.79736328125,22.8271484375,0.0,0.0,0.0,0.0,0.0,0.0,0.0,0.0,0.0,0.0,0.0,0.0,0.0,0.0,0.0,0.0,0.0,0.0,0.0,0.0,0.0,0.0,0.0
syarosu_image_15_heading_0.jpg,10.028076171875,22.998046875,32.75146484375,0.042724609375,0.8056640625,9.735107421875,4.840087890625,18.798828125,0.0,0.0,0.0,0.0,0.0,0.0,0.0,0.0,0.0,0.0,0.0,0.0,0.0,0.0,0.0,0.0,0.0,0.0,0.0,0.0,0.0,0.0,0.0
syarosu_image_15_heading_180.jpg,12.017822265625,15.374755859375,26.94091796875,0.030517578125,1.35498046875,12.017822265625,7.843017578125,24.420166015625,0.0,0.0,0.0,0.0,0.0,0.0,0.0,0.0,0.0,0.0,0.0,0.0,0.0,0.0,0.0,0.0,0.0,0.0,0.0,0.0,0.0,0.0,0.0
syarosu_image_15_heading_270.jpg,20.2880859375,17.706298828125,20.6787109375,0.848388671875,0.0,0.0,10.2783203125,30.2001953125,0.0,0.0,0.0,0.0,0.0,0.0,0.0,0.0,0.0,0.0,0.0,0.0,0.0,0.0,0.0,0.0,0.0,0.0,0.0,0.0,0.0,0.0,0.0
syarosu_image_15_heading_90.jpg,15.704345703125,4.150390625,46.148681640625,1.57470703125,0.20751953125,0.0,19.122314453125,13.092041015625,0.0,0.0,0.0,0.0,0.0,0.0,0.0,0.0,0.0,0.0,0.0,0.0,0.0,0.0,0.0,0.0,0.0,0.0,0.0,0.0,0.0,0.0,0.0
syarosu_image_16_heading_0.jpg,10.687255859375,19.586181640625,39.080810546875,0.262451171875,0.9765625,6.280517578125,2.1484375,20.977783203125,0.0,0.0,0.0,0.0,0.0,0.0,0.0,0.0,0.0,0.0,0.0,0.0,0.0,0.0,0.0,0.0,0.0,0.0,0.0,0.0,0.0,0.0,0.0
syarosu_image_16_heading_180.jpg,11.1083984375,20.562744140625,36.700439453125,0.787353515625,0.079345703125,9.423828125,8.355712890625,12.982177734375,0.0,0.0,0.0,0.0,0.0,0.0,0.0,0.0,0.0,0.0,0.0,0.0,0.0,0.0,0.0,0.0,0.0,0.0,0.0,0.0,0.0,0.0,0.0
syarosu_image_16_heading_270.jpg,12.9150390625,2.850341796875,13.043212890625,0.03662109375,0.59814453125,0.054931640625,3.52783203125,66.973876953125,0.0,0.0,0.0,0.0,0.0,0.0,0.0,0.0,0.0,0.0,0.0,0.0,0.0,0.0,0.0,0.0,0.0,0.0,0.0,0.0,0.0,0.0,0.0
syarosu_image_16_heading_90.jpg,15.8935546875,19.525146484375,36.53564453125,2.349853515625,0.0,0.20751953125,14.581298828125,10.906982421875,0.0,0.0,0.0,0.0,0.0,0.0,0.0,0.0,0.0,0.0,0.0,0.0,0.0,0.0,0.0,0.0,0.0,0.0,0.0,0.0,0.0,0.0,0.0
syarosu_image_17_heading_0.jpg,8.58154296875,30.224609375,37.58544921875,0.29296875,7.257080078125,4.6875,0.32958984375,11.041259765625,0.0,0.0,0.0,0.0,0.0,0.0,0.0,0.0,0.0,0.0,0.0,0.0,0.0,0.0,0.0,0.0,0.0,0.0,0.0,0.0,0.0,0.0,0.0
syarosu_image_17_heading_180.jpg,9.405517578125,31.70166015625,48.419189453125,0.59814453125,0.0244140625,0.0,6.2255859375,3.62548828125,0.0,0.0,0.0,0.0,0.0,0.0,0.0,0.0,0.0,0.0,0.0,0.0,0.0,0.0,0.0,0.0,0.0,0.0,0.0,0.0,0.0,0.0,0.0
syarosu_image_17_heading_270.jpg,15.191650390625,18.1396484375,17.755126953125,1.57470703125,18.85986328125,2.374267578125,16.1865234375,9.918212890625,0.0,0.0,0.0,0.0,0.0,0.0,0.0,0.0,0.0,0.0,0.0,0.0,0.0,0.0,0.0,0.0,0.0,0.0,0.0,0.0,0.0,0.0,0.0
syarosu_image_17_heading_90.jpg,9.246826171875,30.133056640625,39.471435546875,0.360107421875,1.678466796875,3.6865234375,1.263427734375,14.16015625,0.0,0.0,0.0,0.0,0.0,0.0,0.0,0.0,0.0,0.0,0.0,0.0,0.0,0.0,0.0,0.0,0.0,0.0,0.0,0.0,0.0,0.0,0.0
syarosu_image_18_heading_0.jpg,10.430908203125,35.089111328125,26.080322265625,0.0,0.1708984375,19.024658203125,2.020263671875,7.183837890625,0.0,0.0,0.0,0.0,0.0,0.0,0.0,0.0,0.0,0.0,0.0,0.0,0.0,0.0,0.0,0.0,0.0,0.0,0.0,0.0,0.0,0.0,0.0
syarosu_image_18_heading_180.jpg,11.43798828125,34.97314453125,33.502197265625,0.360107421875,1.446533203125,8.14208984375,4.19921875,5.938720703125,0.0,0.0,0.0,0.0,0.0,0.0,0.0,0.0,0.0,0.0,0.0,0.0,0.0,0.0,0.0,0.0,0.0,0.0,0.0,0.0,0.0,0.0,0.0
syarosu_image_18_heading_270.jpg,13.311767578125,33.19091796875,30.224609375,3.45458984375,0.1708984375,8.3984375,5.462646484375,5.7861328125,0.0,0.0,0.0,0.0,0.0,0.0,0.0,0.0,0.0,0.0,0.0,0.0,0.0,0.0,0.0,0.0,0.0,0.0,0.0,0.0,0.0,0.0,0.0
syarosu_image_18_heading_90.jpg,9.89990234375,36.34033203125,34.8876953125,0.030517578125,0.8544921875,8.2763671875,2.764892578125,6.94580078125,0.0,0.0,0.0,0.0,0.0,0.0,0.0,0.0,0.0,0.0,0.0,0.0,0.0,0.0,0.0,0.0,0.0,0.0,0.0,0.0,0.0,0.0,0.0
syarosu_image_19_heading_0.jpg,10.498046875,30.169677734375,19.586181640625,0.146484375,0.836181640625,27.996826171875,0.2197265625,10.546875,0.0,0.0,0.0,0.0,0.0,0.0,0.0,0.0,0.0,0.0,0.0,0.0,0.0,0.0,0.0,0.0,0.0,0.0,0.0,0.0,0.0,0.0,0.0
syarosu_image_19_heading_180.jpg,10.247802734375,36.370849609375,29.254150390625,0.86669921875,0.1220703125,16.24755859375,0.885009765625,6.005859375,0.0,0.0,0.0,0.0,0.0,0.0,0.0,0.0,0.0,0.0,0.0,0.0,0.0,0.0,0.0,0.0,0.0,0.0,0.0,0.0,0.0,0.0,0.0
syarosu_image_19_heading_270.jpg,10.565185546875,35.272216796875,23.748779296875,2.20947265625,0.0,21.038818359375,1.934814453125,5.230712890625,0.0,0.0,0.0,0.0,0.0,0.0,0.0,0.0,0.0,0.0,0.0,0.0,0.0,0.0,0.0,0.0,0.0,0.0,0.0,0.0,0.0,0.0,0.0
syarosu_image_19_heading_90.jpg,10.546875,35.68115234375,32.965087890625,0.482177734375,0.6591796875,9.521484375,3.094482421875,7.049560546875,0.0,0.0,0.0,0.0,0.0,0.0,0.0,0.0,0.0,0.0,0.0,0.0,0.0,0.0,0.0,0.0,0.0,0.0,0.0,0.0,0.0,0.0,0.0
syarosu_image_1_heading_0.jpg,19.964599609375,3.16162109375,43.719482421875,0.15869140625,0.1220703125,2.40478515625,27.0751953125,3.3935546875,0.0,0.0,0.0,0.0,0.0,0.0,0.0,0.0,0.0,0.0,0.0,0.0,0.0,0.0,0.0,0.0,0.0,0.0,0.0,0.0,0.0,0.0,0.0
syarosu_image_1_heading_180.jpg,22.113037109375,2.2705078125,46.47216796875,0.0244140625,0.604248046875,0.0,4.022216796875,24.493408203125,0.0,0.0,0.0,0.0,0.0,0.0,0.0,0.0,0.0,0.0,0.0,0.0,0.0,0.0,0.0,0.0,0.0,0.0,0.0,0.0,0.0,0.0,0.0
syarosu_image_1_heading_270.jpg,7.061767578125,20.941162109375,27.801513671875,1.025390625,1.739501953125,7.4951171875,9.564208984375,24.371337890625,0.0,0.0,0.0,0.0,0.0,0.0,0.0,0.0,0.0,0.0,0.0,0.0,0.0,0.0,0.0,0.0,0.0,0.0,0.0,0.0,0.0,0.0,0.0
syarosu_image_1_heading_90.jpg,10.888671875,9.77783203125,36.31591796875,0.0,0.01220703125,8.1787109375,23.98681640625,10.83984375,0.0,0.0,0.0,0.0,0.0,0.0,0.0,0.0,0.0,0.0,0.0,0.0,0.0,0.0,0.0,0.0,0.0,0.0,0.0,0.0,0.0,0.0,0.0
syarosu_image_2_heading_0.jpg,25.7080078125,4.168701171875,45.819091796875,0.494384765625,0.006103515625,1.123046875,11.48681640625,11.19384765625,0.0,0.0,0.0,0.0,0.0,0.0,0.0,0.0,0.0,0.0,0.0,0.0,0.0,0.0,0.0,0.0,0.0,0.0,0.0,0.0,0.0,0.0,0.0
syarosu_image_2_heading_180.jpg,23.602294921875,4.1015625,27.557373046875,2.83203125,3.106689453125,0.06103515625,7.843017578125,30.89599609375,0.0,0.0,0.0,0.0,0.0,0.0,0.0,0.0,0.0,0.0,0.0,0.0,0.0,0.0,0.0,0.0,0.0,0.0,0.0,0.0,0.0,0.0,0.0
syarosu_image_2_heading_270.jpg,8.7890625,19.696044921875,30.5908203125,0.469970703125,0.048828125,3.411865234375,13.385009765625,23.6083984375,0.0,0.0,0.0,0.0,0.0,0.0,0.0,0.0,0.0,0.0,0.0,0.0,0.0,0.0,0.0,0.0,0.0,0.0,0.0,0.0,0.0,0.0,0.0
syarosu_image_2_heading_90.jpg,7.2265625,16.93115234375,26.177978515625,0.762939453125,0.189208984375,8.36181640625,20.050048828125,20.30029296875,0.0,0.0,0.0,0.0,0.0,0.0,0.0,0.0,0.0,0.0,0.0,0.0,0.0,0.0,0.0,0.0,0.0,0.0,0.0,0.0,0.0,0.0,0.0
syarosu_image_3_heading_0.jpg,10.137939453125,26.66015625,24.285888671875,1.153564453125,0.048828125,4.376220703125,9.1064453125,24.23095703125,0.0,0.0,0.0,0.0,0.0,0.0,0.0,0.0,0.0,0.0,0.0,0.0,0.0,0.0,0.0,0.0,0.0,0.0,0.0,0.0,0.0,0.0,0.0
syarosu_image_3_heading_180.jpg,10.87646484375,24.737548828125,27.459716796875,1.641845703125,1.324462890625,12.20703125,7.1533203125,14.599609375,0.0,0.0,0.0,0.0,0.0,0.0,0.0,0.0,0.0,0.0,0.0,0.0,0.0,0.0,0.0,0.0,0.0,0.0,0.0,0.0,0.0,0.0,0.0
syarosu_image_3_heading_270.jpg,13.214111328125,2.899169921875,40.985107421875,1.019287109375,5.596923828125,0.0,13.671875,22.613525390625,0.0,0.0,0.0,0.0,0.0,0.0,0.0,0.0,0.0,0.0,0.0,0.0,0.0,0.0,0.0,0.0,0.0,0.0,0.0,0.0,0.0,0.0,0.0
syarosu_image_3_heading_90.jpg,7.67822265625,20.7763671875,53.009033203125,0.0,0.048828125,0.0,7.232666015625,11.2548828125,0.0,0.0,0.0,0.0,0.0,0.0,0.0,0.0,0.0,0.0,0.0,0.0,0.0,0.0,0.0,0.0,0.0,0.0,0.0,0.0,0.0,0.0,0.0
syarosu_image_4_heading_0.jpg,18.29833984375,22.808837890625,34.112548828125,2.67333984375,0.396728515625,1.86767578125,15.582275390625,4.26025390625,0.0,0.0,0.0,0.0,0.0,0.0,0.0,0.0,0.0,0.0,0.0,0.0,0.0,0.0,0.0,0.0,0.0,0.0,0.0,0.0,0.0,0.0,0.0
syarosu_image_4_heading_180.jpg,10.24169921875,30.37109375,41.046142578125,0.103759765625,0.750732421875,8.49609375,3.228759765625,5.76171875,0.0,0.0,0.0,0.0,0.0,0.0,0.0,0.0,0.0,0.0,0.0,0.0,0.0,0.0,0.0,0.0,0.0,0.0,0.0,0.0,0.0,0.0,0.0
syarosu_image_4_heading_270.jpg,19.17724609375,17.7490234375,38.5009765625,0.3173828125,0.0,0.0,9.16748046875,15.087890625,0.0,0.0,0.0,0.0,0.0,0.0,0.0,0.0,0.0,0.0,0.0,0.0,0.0,0.0,0.0,0.0,0.0,0.0,0.0,0.0,0.0,0.0,0.0
syarosu_image_4_heading_90.jpg,13.4033203125,17.59033203125,51.348876953125,0.836181640625,1.1962890625,0.0,7.7880859375,7.8369140625,0.0,0.0,0.0,0.0,0.0,0.0,0.0,0.0,0.0,0.0,0.0,0.0,0.0,0.0,0.0,0.0,0.0,0.0,0.0,0.0,0.0,0.0,0.0
syarosu_image_5_heading_0.jpg,48.9990234375,0.0,40.2099609375,0.006103515625,3.985595703125,0.0,1.1962890625,5.60302734375,0.0,0.0,0.0,0.0,0.0,0.0,0.0,0.0,0.0,0.0,0.0,0.0,0.0,0.0,0.0,0.0,0.0,0.0,0.0,0.0,0.0,0.0,0.0
syarosu_image_5_heading_180.jpg,25.408935546875,1.81884765625,46.868896484375,0.506591796875,14.447021484375,0.0,5.755615234375,5.194091796875,0.0,0.0,0.0,0.0,0.0,0.0,0.0,0.0,0.0,0.0,0.0,0.0,0.0,0.0,0.0,0.0,0.0,0.0,0.0,0.0,0.0,0.0,0.0
syarosu_image_5_heading_270.jpg,24.27978515625,4.754638671875,33.514404296875,0.250244140625,24.365234375,0.933837890625,0.042724609375,11.859130859375,0.0,0.0,0.0,0.0,0.0,0.0,0.0,0.0,0.0,0.0,0.0,0.0,0.0,0.0,0.0,0.0,0.0,0.0,0.0,0.0,0.0,0.0,0.0
syarosu_image_5_heading_90.jpg,47.314453125,0.164794921875,33.551025390625,0.1220703125,0.006103515625,0.946044921875,4.35791015625,13.53759765625,0.0,0.0,0.0,0.0,0.0,0.0,0.0,0.0,0.0,0.0,0.0,0.0,0.0,0.0,0.0,0.0,0.0,0.0,0.0,0.0,0.0,0.0,0.0
syarosu_image_6_heading_0.jpg,48.9990234375,0.0,40.2099609375,0.006103515625,3.985595703125,0.0,1.1962890625,5.60302734375,0.0,0.0,0.0,0.0,0.0,0.0,0.0,0.0,0.0,0.0,0.0,0.0,0.0,0.0,0.0,0.0,0.0,0.0,0.0,0.0,0.0,0.0,0.0
syarosu_image_6_heading_180.jpg,25.408935546875,1.81884765625,46.868896484375,0.506591796875,14.447021484375,0.0,5.755615234375,5.194091796875,0.0,0.0,0.0,0.0,0.0,0.0,0.0,0.0,0.0,0.0,0.0,0.0,0.0,0.0,0.0,0.0,0.0,0.0,0.0,0.0,0.0,0.0,0.0
syarosu_image_6_heading_270.jpg,24.27978515625,4.754638671875,33.514404296875,0.250244140625,24.365234375,0.933837890625,0.042724609375,11.859130859375,0.0,0.0,0.0,0.0,0.0,0.0,0.0,0.0,0.0,0.0,0.0,0.0,0.0,0.0,0.0,0.0,0.0,0.0,0.0,0.0,0.0,0.0,0.0
syarosu_image_6_heading_90.jpg,47.314453125,0.164794921875,33.551025390625,0.1220703125,0.006103515625,0.946044921875,4.35791015625,13.53759765625,0.0,0.0,0.0,0.0,0.0,0.0,0.0,0.0,0.0,0.0,0.0,0.0,0.0,0.0,0.0,0.0,0.0,0.0,0.0,0.0,0.0,0.0,0.0
syarosu_image_7_heading_0.jpg,18.73779296875,8.5693359375,36.236572265625,0.0,0.0,0.47607421875,8.953857421875,27.0263671875,0.0,0.0,0.0,0.0,0.0,0.0,0.0,0.0,0.0,0.0,0.0,0.0,0.0,0.0,0.0,0.0,0.0,0.0,0.0,0.0,0.0,0.0,0.0
syarosu_image_7_heading_180.jpg,11.956787109375,5.45654296875,28.64990234375,0.323486328125,0.0,11.480712890625,12.481689453125,29.65087890625,0.0,0.0,0.0,0.0,0.0,0.0,0.0,0.0,0.0,0.0,0.0,0.0,0.0,0.0,0.0,0.0,0.0,0.0,0.0,0.0,0.0,0.0,0.0
syarosu_image_7_heading_270.jpg,16.12548828125,19.976806640625,35.94970703125,0.396728515625,0.0,0.01220703125,3.38134765625,24.15771484375,0.0,0.0,0.0,0.0,0.0,0.0,0.0,0.0,0.0,0.0,0.0,0.0,0.0,0.0,0.0,0.0,0.0,0.0,0.0,0.0,0.0,0.0,0.0
syarosu_image_7_heading_90.jpg,15.05126953125,19.110107421875,33.48388671875,0.494384765625,0.0,3.619384765625,21.112060546875,7.12890625,0.0,0.0,0.0,0.0,0.0,0.0,0.0,0.0,0.0,0.0,0.0,0.0,0.0,0.0,0.0,0.0,0.0,0.0,0.0,0.0,0.0,0.0,0.0
syarosu_image_8_heading_0.jpg,9.686279296875,17.462158203125,37.310791015625,0.189208984375,5.584716796875,5.33447265625,7.635498046875,16.796875,0.0,0.0,0.0,0.0,0.0,0.0,0.0,0.0,0.0,0.0,0.0,0.0,0.0,0.0,0.0,0.0,0.0,0.0,0.0,0.0,0.0,0.0,0.0
syarosu_image_8_heading_180.jpg,21.13037109375,9.210205078125,44.146728515625,0.0,0.0,8.648681640625,7.379150390625,9.48486328125,0.0,0.0,0.0,0.0,0.0,0.0,0.0,0.0,0.0,0.0,0.0,0.0,0.0,0.0,0.0,0.0,0.0,0.0,0.0,0.0,0.0,0.0,0.0
syarosu_image_8_heading_270.jpg,17.156982421875,16.357421875,30.987548828125,0.469970703125,0.054931640625,5.682373046875,14.31884765625,14.971923828125,0.0,0.0,0.0,0.0,0.0,0.0,0.0,0.0,0.0,0.0,0.0,0.0,0.0,0.0,0.0,0.0,0.0,0.0,0.0,0.0,0.0,0.0,0.0
syarosu_image_8_heading_90.jpg,13.568115234375,11.8408203125,30.841064453125,0.54931640625,4.046630859375,2.74658203125,18.90869140625,17.498779296875,0.0,0.0,0.0,0.0,0.0,0.0,0.0,0.0,0.0,0.0,0.0,0.0,0.0,0.0,0.0,0.0,0.0,0.0,0.0,0.0,0.0,0.0,0.0
syarosu_image_9_heading_0.jpg,14.19677734375,3.594970703125,30.76171875,0.03662109375,2.520751953125,1.64794921875,40.692138671875,6.549072265625,0.0,0.0,0.0,0.0,0.0,0.0,0.0,0.0,0.0,0.0,0.0,0.0,0.0,0.0,0.0,0.0,0.0,0.0,0.0,0.0,0.0,0.0,0.0
syarosu_image_9_heading_180.jpg,17.39501953125,6.15234375,22.601318359375,0.78125,0.0,9.375,10.72998046875,32.965087890625,0.0,0.0,0.0,0.0,0.0,0.0,0.0,0.0,0.0,0.0,0.0,0.0,0.0,0.0,0.0,0.0,0.0,0.0,0.0,0.0,0.0,0.0,0.0
syarosu_image_9_heading_270.jpg,15.423583984375,14.44091796875,42.7734375,0.0732421875,0.08544921875,8.9599609375,3.3203125,14.923095703125,0.0,0.0,0.0,0.0,0.0,0.0,0.0,0.0,0.0,0.0,0.0,0.0,0.0,0.0,0.0,0.0,0.0,0.0,0.0,0.0,0.0,0.0,0.0
syarosu_image_9_heading_90.jpg,5.853271484375,18.54248046875,28.7353515625,0.69580078125,0.0,2.996826171875,21.026611328125,22.149658203125,0.0,0.0,0.0,0.0,0.0,0.0,0.0,0.0,0.0,0.0,0.0,0.0,0.0,0.0,0.0,0.0,0.0,0.0,0.0,0.0,0.0,0.0,0.0
